{"vertices" : [
[
		-0.9472135954999579, 
		-0.5854101966249685, 
		-0.42532540417601994
	], 
[
		-0.5, 
		-0.30901699437494745, 
		0.42532540417602
	], 
[
		-0.5, 
		0.30901699437494745, 
		-0.42532540417601994
	], 
[
		-0.05278640450004207, 
		0.5854101966249685, 
		0.42532540417602
	], 
[
		0.05278640450004207, 
		-0.5854101966249685, 
		-0.42532540417601994
	], 
[
		0.5, 
		-0.30901699437494745, 
		0.42532540417602
	], 
[
		0.5, 
		0.30901699437494745, 
		-0.42532540417601994
	], 
[
		0.9472135954999579, 
		0.5854101966249685, 
		0.42532540417602
	]
], 
"faces" : [
[
		0, 
		2, 
		6, 
		4
	], 
[
		5, 
		7, 
		3, 
		1
	], 
[
		4, 
		5, 
		1, 
		0
	], 
[
		2, 
		3, 
		7, 
		6
	], 
[
		0, 
		1, 
		3, 
		2
	], 
[
		6, 
		7, 
		5, 
		4
	]
]}