{"vertices" : [
[
		-0.5, 
		-0.5, 
		-0.42044820762685725
	], 
[
		-0.5, 
		0.5, 
		-0.42044820762685725
	], 
[
		0, 
		-0.7071067811865475, 
		0.42044820762685725
	], 
[
		0, 
		0.7071067811865475, 
		0.42044820762685725
	], 
[
		0.5, 
		-0.5, 
		-0.42044820762685725
	], 
[
		0.5, 
		0.5, 
		-0.42044820762685725
	], 
[
		-0.7071067811865475, 
		0, 
		0.42044820762685725
	], 
[
		0.7071067811865475, 
		0, 
		0.42044820762685725
	]
], 
"faces" : [
[
		4, 
		0, 
		1, 
		5
	], 
[
		7, 
		3, 
		6, 
		2
	], 
[
		5, 
		3, 
		7
	], 
[
		1, 
		6, 
		3
	], 
[
		0, 
		2, 
		6
	], 
[
		4, 
		7, 
		2
	], 
[
		5, 
		1, 
		3
	], 
[
		1, 
		0, 
		6
	], 
[
		0, 
		4, 
		2
	], 
[
		4, 
		5, 
		7
	]
]}