{"vertices" : [
[
		0, 
		-1.618033988749895, 
		-0.43119850192972925
	], 
[
		0, 
		1.618033988749895, 
		-0.43119850192972925
	], 
[
		-1.618033988749895, 
		0, 
		0.43119850192972925
	], 
[
		1.618033988749895, 
		0, 
		0.43119850192972925
	], 
[
		-1.3090169943749475, 
		-0.9510565162951535, 
		0.43119850192972925
	], 
[
		-1.3090169943749475, 
		0.9510565162951535, 
		0.43119850192972925
	], 
[
		-0.5, 
		-1.5388417685876268, 
		0.43119850192972925
	], 
[
		-0.5, 
		1.5388417685876268, 
		0.43119850192972925
	], 
[
		-0.9510565162951535, 
		-1.3090169943749475, 
		-0.43119850192972925
	], 
[
		-0.9510565162951535, 
		1.3090169943749475, 
		-0.43119850192972925
	], 
[
		0.9510565162951535, 
		-1.3090169943749475, 
		-0.43119850192972925
	], 
[
		0.9510565162951535, 
		1.3090169943749475, 
		-0.43119850192972925
	], 
[
		-1.5388417685876268, 
		-0.5, 
		-0.43119850192972925
	], 
[
		-1.5388417685876268, 
		0.5, 
		-0.43119850192972925
	], 
[
		1.5388417685876268, 
		-0.5, 
		-0.43119850192972925
	], 
[
		1.5388417685876268, 
		0.5, 
		-0.43119850192972925
	], 
[
		0.5, 
		-1.5388417685876268, 
		0.43119850192972925
	], 
[
		0.5, 
		1.5388417685876268, 
		0.43119850192972925
	], 
[
		1.3090169943749475, 
		-0.9510565162951535, 
		0.43119850192972925
	], 
[
		1.3090169943749475, 
		0.9510565162951535, 
		0.43119850192972925
	]
], 
"faces" : [
[
		14, 
		10, 
		0, 
		8, 
		12, 
		13, 
		9, 
		1, 
		11, 
		15
	], 
[
		3, 
		19, 
		17, 
		7, 
		5, 
		2, 
		4, 
		6, 
		16, 
		18
	], 
[
		15, 
		19, 
		3
	], 
[
		11, 
		17, 
		19
	], 
[
		1, 
		7, 
		17
	], 
[
		9, 
		5, 
		7
	], 
[
		13, 
		2, 
		5
	], 
[
		12, 
		4, 
		2
	], 
[
		8, 
		6, 
		4
	], 
[
		0, 
		16, 
		6
	], 
[
		10, 
		18, 
		16
	], 
[
		14, 
		3, 
		18
	], 
[
		15, 
		11, 
		19
	], 
[
		11, 
		1, 
		17
	], 
[
		1, 
		9, 
		7
	], 
[
		9, 
		13, 
		5
	], 
[
		13, 
		12, 
		2
	], 
[
		12, 
		8, 
		4
	], 
[
		8, 
		0, 
		6
	], 
[
		0, 
		10, 
		16
	], 
[
		10, 
		14, 
		18
	], 
[
		14, 
		15, 
		3
	]
]}