{"vertices" : [
[
		-1.0382606982861684, 
		-0.5, 
		0.42923659824727733
	], 
[
		-1.0382606982861684, 
		0.5, 
		0.42923659824727733
	], 
[
		1.0382606982861684, 
		-0.5, 
		-0.42923659824727733
	], 
[
		1.0382606982861684, 
		0.5, 
		-0.42923659824727733
	], 
[
		-1.1523824354812433, 
		0, 
		-0.42923659824727733
	], 
[
		1.1523824354812433, 
		0, 
		0.42923659824727733
	], 
[
		-0.2564292158181385, 
		-1.1234898018587336, 
		0.42923659824727733
	], 
[
		-0.2564292158181385, 
		1.1234898018587336, 
		0.42923659824727733
	], 
[
		0.2564292158181385, 
		-1.1234898018587336, 
		-0.42923659824727733
	], 
[
		0.2564292158181385, 
		1.1234898018587336, 
		-0.42923659824727733
	], 
[
		-0.7184986963636851, 
		-0.9009688679024191, 
		-0.42923659824727733
	], 
[
		-0.7184986963636851, 
		0.9009688679024191, 
		-0.42923659824727733
	], 
[
		0.7184986963636851, 
		-0.9009688679024191, 
		0.42923659824727733
	], 
[
		0.7184986963636851, 
		0.9009688679024191, 
		0.42923659824727733
	]
], 
"faces" : [
[
		2, 
		8, 
		10, 
		4, 
		11, 
		9, 
		3
	], 
[
		5, 
		13, 
		7, 
		1, 
		0, 
		6, 
		12
	], 
[
		3, 
		13, 
		5
	], 
[
		9, 
		7, 
		13
	], 
[
		11, 
		1, 
		7
	], 
[
		4, 
		0, 
		1
	], 
[
		10, 
		6, 
		0
	], 
[
		8, 
		12, 
		6
	], 
[
		2, 
		5, 
		12
	], 
[
		3, 
		9, 
		13
	], 
[
		9, 
		11, 
		7
	], 
[
		11, 
		4, 
		1
	], 
[
		4, 
		10, 
		0
	], 
[
		10, 
		8, 
		6
	], 
[
		8, 
		2, 
		12
	], 
[
		2, 
		3, 
		5
	]
]}