{"vertices" : [
[
		0.8506508083520399, 
		0, 
		-0.5
	], 
[
		0.8506508083520399, 
		0, 
		0.5
	], 
[
		0.2628655560595668, 
		-0.8090169943749475, 
		-0.5
	], 
[
		0.2628655560595668, 
		-0.8090169943749475, 
		0.5
	], 
[
		0.2628655560595668, 
		0.8090169943749475, 
		-0.5
	], 
[
		0.2628655560595668, 
		0.8090169943749475, 
		0.5
	], 
[
		-0.6881909602355868, 
		-0.5, 
		-0.5
	], 
[
		-0.6881909602355868, 
		-0.5, 
		0.5
	], 
[
		-0.6881909602355868, 
		0.5, 
		-0.5
	], 
[
		-0.6881909602355868, 
		0.5, 
		0.5
	], 
[
		1.1288195850234877, 
		0.8201354349649271, 
		0
	]
], 
"faces" : [
[
		2, 
		6, 
		8, 
		4, 
		0
	], 
[
		1, 
		5, 
		9, 
		7, 
		3
	], 
[
		4, 
		8, 
		9, 
		5
	], 
[
		8, 
		6, 
		7, 
		9
	], 
[
		6, 
		2, 
		3, 
		7
	], 
[
		2, 
		0, 
		1, 
		3
	], 
[
		10, 
		0, 
		4
	], 
[
		10, 
		4, 
		5
	], 
[
		10, 
		5, 
		1
	], 
[
		10, 
		1, 
		0
	]
]}