{"vertices" : [
[
		0, 
		-1, 
		-0.6123724356957945
	], 
[
		0, 
		1, 
		-0.6123724356957945
	], 
[
		-0.5773502691896258, 
		-1, 
		0.20412414523193154
	], 
[
		-0.5773502691896258, 
		1, 
		0.20412414523193154
	], 
[
		-0.2886751345948129, 
		-0.5, 
		1.0206207261596576
	], 
[
		-0.2886751345948129, 
		0.5, 
		1.0206207261596576
	], 
[
		0.2886751345948129, 
		-0.5, 
		-1.4288690166235207
	], 
[
		0.5773502691896258, 
		0, 
		1.0206207261596576
	], 
[
		1.1547005383792517, 
		0, 
		0.20412414523193154
	], 
[
		-0.8660254037844386, 
		-0.5, 
		-0.6123724356957945
	], 
[
		-0.8660254037844386, 
		0.5, 
		-0.6123724356957945
	], 
[
		0.8660254037844386, 
		-0.5, 
		-0.6123724356957945
	], 
[
		0.8660254037844386, 
		0.5, 
		-0.6123724356957945
	], 
[
		-0.5773502691896258, 
		0, 
		-1.4288690166235207
	], 
[
		0.2886751345948129, 
		0.5, 
		-1.4288690166235207
	]
], 
"faces" : [
[
		11, 
		12, 
		8
	], 
[
		2, 
		9, 
		0
	], 
[
		1, 
		10, 
		3
	], 
[
		5, 
		4, 
		7
	], 
[
		11, 
		8, 
		7, 
		4, 
		2, 
		0
	], 
[
		1, 
		3, 
		5, 
		7, 
		8, 
		12
	], 
[
		9, 
		2, 
		4, 
		5, 
		3, 
		10
	], 
[
		6, 
		13, 
		14
	], 
[
		10, 
		1, 
		14, 
		13
	], 
[
		0, 
		9, 
		13, 
		6
	], 
[
		12, 
		11, 
		6, 
		14
	], 
[
		14, 
		1, 
		12
	], 
[
		13, 
		9, 
		10
	], 
[
		6, 
		11, 
		0
	]
]}