{"vertices" : [
[
		-0.5, 
		1.2071067811865475, 
		1.2071067811865475
	], 
[
		-0.5, 
		1.2071067811865475, 
		-1.2071067811865475
	], 
[
		-0.5, 
		-1.2071067811865475, 
		1.2071067811865475
	], 
[
		-0.5, 
		-1.2071067811865475, 
		-1.2071067811865475
	], 
[
		0, 
		-0.7071067811865475, 
		1.9142135623730951
	], 
[
		0, 
		-0.7071067811865475, 
		-1.9142135623730951
	], 
[
		0, 
		0.7071067811865475, 
		1.9142135623730951
	], 
[
		0, 
		0.7071067811865475, 
		-1.9142135623730951
	], 
[
		0.5, 
		1.2071067811865475, 
		1.2071067811865475
	], 
[
		0.5, 
		1.2071067811865475, 
		-1.2071067811865475
	], 
[
		0.5, 
		-1.2071067811865475, 
		1.2071067811865475
	], 
[
		0.5, 
		-1.2071067811865475, 
		-1.2071067811865475
	], 
[
		-0.7071067811865475, 
		0, 
		1.9142135623730951
	], 
[
		-0.7071067811865475, 
		0, 
		-1.9142135623730951
	], 
[
		0.7071067811865475, 
		0, 
		1.9142135623730951
	], 
[
		0.7071067811865475, 
		0, 
		-1.9142135623730951
	], 
[
		1.2071067811865475, 
		-0.5, 
		1.2071067811865475
	], 
[
		1.2071067811865475, 
		-0.5, 
		-1.2071067811865475
	], 
[
		1.2071067811865475, 
		0.5, 
		1.2071067811865475
	], 
[
		1.2071067811865475, 
		0.5, 
		-1.2071067811865475
	], 
[
		1.2071067811865475, 
		1.2071067811865475, 
		-0.5
	], 
[
		1.2071067811865475, 
		1.2071067811865475, 
		0.5
	], 
[
		1.2071067811865475, 
		-1.2071067811865475, 
		-0.5
	], 
[
		1.2071067811865475, 
		-1.2071067811865475, 
		0.5
	], 
[
		-1.2071067811865475, 
		-0.5, 
		1.2071067811865475
	], 
[
		-1.2071067811865475, 
		-0.5, 
		-1.2071067811865475
	], 
[
		-1.2071067811865475, 
		0.5, 
		1.2071067811865475
	], 
[
		-1.2071067811865475, 
		0.5, 
		-1.2071067811865475
	], 
[
		-1.2071067811865475, 
		1.2071067811865475, 
		-0.5
	], 
[
		-1.2071067811865475, 
		1.2071067811865475, 
		0.5
	], 
[
		-1.2071067811865475, 
		-1.2071067811865475, 
		-0.5
	], 
[
		-1.2071067811865475, 
		-1.2071067811865475, 
		0.5
	]
], 
"faces" : [
[
		2, 
		31, 
		30, 
		3, 
		11, 
		22, 
		23, 
		10
	], 
[
		8, 
		21, 
		20, 
		9, 
		1, 
		28, 
		29, 
		0
	], 
[
		16, 
		23, 
		22, 
		17, 
		19, 
		20, 
		21, 
		18
	], 
[
		26, 
		29, 
		28, 
		27, 
		25, 
		30, 
		31, 
		24
	], 
[
		23, 
		16, 
		10
	], 
[
		8, 
		18, 
		21
	], 
[
		2, 
		24, 
		31
	], 
[
		29, 
		26, 
		0
	], 
[
		11, 
		17, 
		22
	], 
[
		20, 
		19, 
		9
	], 
[
		30, 
		25, 
		3
	], 
[
		1, 
		27, 
		28
	], 
[
		15, 
		5, 
		13, 
		7
	], 
[
		27, 
		1, 
		7, 
		13
	], 
[
		3, 
		25, 
		13, 
		5
	], 
[
		17, 
		11, 
		5, 
		15
	], 
[
		9, 
		19, 
		15, 
		7
	], 
[
		7, 
		1, 
		9
	], 
[
		13, 
		25, 
		27
	], 
[
		5, 
		11, 
		3
	], 
[
		15, 
		19, 
		17
	], 
[
		6, 
		12, 
		4, 
		14
	], 
[
		12, 
		6, 
		0, 
		26
	], 
[
		4, 
		12, 
		24, 
		2
	], 
[
		14, 
		4, 
		10, 
		16
	], 
[
		6, 
		14, 
		18, 
		8
	], 
[
		8, 
		0, 
		6
	], 
[
		26, 
		24, 
		12
	], 
[
		2, 
		10, 
		4
	], 
[
		16, 
		18, 
		14
	]
]}