{"vertices" : [
[
		-1.1944775825843852, 
		-1.1944775825843852, 
		0
	], 
[
		-1.1944775825843852, 
		0, 
		-1.1944775825843852
	], 
[
		-1.1944775825843852, 
		0, 
		1.1944775825843852
	], 
[
		-1.1944775825843852, 
		1.1944775825843852, 
		0
	], 
[
		0, 
		-1.1944775825843852, 
		-1.1944775825843852
	], 
[
		0, 
		-1.1944775825843852, 
		1.1944775825843852
	], 
[
		0, 
		0, 
		-1.6892463972414664
	], 
[
		0, 
		0, 
		1.6892463972414664
	], 
[
		0, 
		1.1944775825843852, 
		-1.1944775825843852
	], 
[
		0, 
		1.1944775825843852, 
		1.1944775825843852
	], 
[
		0, 
		-1.6892463972414664, 
		0
	], 
[
		0, 
		1.6892463972414664, 
		0
	], 
[
		1.1944775825843852, 
		-1.1944775825843852, 
		0
	], 
[
		1.1944775825843852, 
		0, 
		-1.1944775825843852
	], 
[
		1.1944775825843852, 
		0, 
		1.1944775825843852
	], 
[
		1.1944775825843852, 
		1.1944775825843852, 
		0
	], 
[
		-1.6892463972414664, 
		0, 
		0
	], 
[
		1.6892463972414664, 
		0, 
		0
	], 
[
		0.9238795325112867, 
		0.9238795325112867, 
		0.9238795325112867
	], 
[
		0.9238795325112867, 
		0.9238795325112867, 
		-0.9238795325112867
	], 
[
		0.9238795325112867, 
		-0.9238795325112867, 
		0.9238795325112867
	], 
[
		0.9238795325112867, 
		-0.9238795325112867, 
		-0.9238795325112867
	], 
[
		-0.9238795325112867, 
		0.9238795325112867, 
		0.9238795325112867
	], 
[
		-0.9238795325112867, 
		0.9238795325112867, 
		-0.9238795325112867
	], 
[
		-0.9238795325112867, 
		-0.9238795325112867, 
		0.9238795325112867
	], 
[
		-0.9238795325112867, 
		-0.9238795325112867, 
		-0.9238795325112867
	]
], 
"faces" : [
[
		25, 
		1, 
		6, 
		4
	], 
[
		5, 
		7, 
		2, 
		24
	], 
[
		1, 
		23, 
		8, 
		6
	], 
[
		7, 
		9, 
		22, 
		2
	], 
[
		0, 
		25, 
		4, 
		10
	], 
[
		10, 
		5, 
		24, 
		0
	], 
[
		23, 
		3, 
		11, 
		8
	], 
[
		9, 
		11, 
		3, 
		22
	], 
[
		21, 
		4, 
		6, 
		13
	], 
[
		14, 
		7, 
		5, 
		20
	], 
[
		6, 
		8, 
		19, 
		13
	], 
[
		14, 
		18, 
		9, 
		7
	], 
[
		10, 
		4, 
		21, 
		12
	], 
[
		12, 
		20, 
		5, 
		10
	], 
[
		19, 
		8, 
		11, 
		15
	], 
[
		15, 
		11, 
		9, 
		18
	], 
[
		0, 
		16, 
		1, 
		25
	], 
[
		24, 
		2, 
		16, 
		0
	], 
[
		1, 
		16, 
		3, 
		23
	], 
[
		22, 
		3, 
		16, 
		2
	], 
[
		12, 
		21, 
		13, 
		17
	], 
[
		17, 
		14, 
		20, 
		12
	], 
[
		13, 
		19, 
		15, 
		17
	], 
[
		17, 
		15, 
		18, 
		14
	]
]}