{"vertices" : [
[
		0, 
		0, 
		-0.816496580927726
	], 
[
		0, 
		0, 
		0.816496580927726
	], 
[
		-0.2886751345948129, 
		-0.5, 
		0
	], 
[
		-0.2886751345948129, 
		0.5, 
		0
	], 
[
		0.5773502691896258, 
		0, 
		0
	]
], 
"faces" : [
[
		3, 
		2, 
		1
	], 
[
		2, 
		4, 
		1
	], 
[
		4, 
		3, 
		1
	], 
[
		0, 
		2, 
		3
	], 
[
		0, 
		4, 
		2
	], 
[
		0, 
		3, 
		4
	]
]}