{"vertices" : [
[
		0, 
		1.1315167192268571, 
		1.1315167192268571
	], 
[
		0, 
		-1.1315167192268571, 
		-1.1315167192268571
	], 
[
		0, 
		1.1315167192268571, 
		-1.1315167192268571
	], 
[
		0, 
		-1.1315167192268571, 
		1.1315167192268571
	], 
[
		1.1315167192268571, 
		0, 
		1.1315167192268571
	], 
[
		1.1315167192268571, 
		1.1315167192268571, 
		0
	], 
[
		0.975286862174966, 
		0.975286862174966, 
		0.975286862174966
	], 
[
		-0.975286862174966, 
		-0.975286862174966, 
		-0.975286862174966
	], 
[
		-1.1315167192268571, 
		0, 
		-1.1315167192268571
	], 
[
		-1.1315167192268571, 
		-1.1315167192268571, 
		0
	], 
[
		0.975286862174966, 
		0.975286862174966, 
		-0.975286862174966
	], 
[
		0.975286862174966, 
		-0.975286862174966, 
		0.975286862174966
	], 
[
		-0.975286862174966, 
		0.975286862174966, 
		0.975286862174966
	], 
[
		0.975286862174966, 
		-0.975286862174966, 
		-0.975286862174966
	], 
[
		-0.975286862174966, 
		0.975286862174966, 
		-0.975286862174966
	], 
[
		-0.975286862174966, 
		-0.975286862174966, 
		0.975286862174966
	], 
[
		1.1315167192268571, 
		0, 
		-1.1315167192268571
	], 
[
		1.1315167192268571, 
		-1.1315167192268571, 
		0
	], 
[
		-1.1315167192268571, 
		0, 
		1.1315167192268571
	], 
[
		-1.1315167192268571, 
		1.1315167192268571, 
		0
	], 
[
		-1.8450533546644432, 
		0, 
		0
	], 
[
		0, 
		-1.8450533546644432, 
		0
	], 
[
		0, 
		0, 
		-1.8450533546644432
	], 
[
		1.8450533546644432, 
		0, 
		0
	], 
[
		0, 
		1.8450533546644432, 
		0
	], 
[
		0, 
		0, 
		1.8450533546644432
	]
], 
"faces" : [
[
		14, 
		2, 
		22
	], 
[
		25, 
		0, 
		12
	], 
[
		1, 
		7, 
		22
	], 
[
		25, 
		15, 
		3
	], 
[
		21, 
		3, 
		15
	], 
[
		7, 
		1, 
		21
	], 
[
		24, 
		12, 
		0
	], 
[
		2, 
		14, 
		24
	], 
[
		22, 
		2, 
		10
	], 
[
		6, 
		0, 
		25
	], 
[
		1, 
		22, 
		13
	], 
[
		11, 
		25, 
		3
	], 
[
		11, 
		3, 
		21
	], 
[
		21, 
		1, 
		13
	], 
[
		6, 
		24, 
		0
	], 
[
		2, 
		24, 
		10
	], 
[
		13, 
		22, 
		16
	], 
[
		4, 
		25, 
		11
	], 
[
		22, 
		10, 
		16
	], 
[
		4, 
		6, 
		25
	], 
[
		21, 
		13, 
		17
	], 
[
		17, 
		11, 
		21
	], 
[
		10, 
		24, 
		5
	], 
[
		5, 
		24, 
		6
	], 
[
		7, 
		8, 
		22
	], 
[
		25, 
		18, 
		15
	], 
[
		8, 
		14, 
		22
	], 
[
		25, 
		12, 
		18
	], 
[
		9, 
		7, 
		21
	], 
[
		21, 
		15, 
		9
	], 
[
		14, 
		19, 
		24
	], 
[
		24, 
		19, 
		12
	], 
[
		15, 
		18, 
		20
	], 
[
		20, 
		8, 
		7
	], 
[
		12, 
		20, 
		18
	], 
[
		8, 
		20, 
		14
	], 
[
		20, 
		19, 
		14
	], 
[
		12, 
		19, 
		20
	], 
[
		9, 
		20, 
		7
	], 
[
		15, 
		20, 
		9
	], 
[
		23, 
		4, 
		11
	], 
[
		13, 
		16, 
		23
	], 
[
		23, 
		6, 
		4
	], 
[
		16, 
		10, 
		23
	], 
[
		10, 
		5, 
		23
	], 
[
		23, 
		5, 
		6
	], 
[
		17, 
		13, 
		23
	], 
[
		23, 
		11, 
		17
	]
]}