{"vertices" : [
[
		0, 
		-1, 
		-0.5
	], 
[
		0, 
		-1, 
		0.5
	], 
[
		0, 
		1, 
		-0.5
	], 
[
		0, 
		1, 
		0.5
	], 
[
		-0.2886751345948129, 
		-0.5, 
		1.3164965809277258
	], 
[
		-0.2886751345948129, 
		0.5, 
		1.3164965809277258
	], 
[
		0.2886751345948129, 
		-0.5, 
		-1.3164965809277258
	], 
[
		0.5773502691896258, 
		0, 
		1.3164965809277258
	], 
[
		-0.8660254037844386, 
		-0.5, 
		-0.5
	], 
[
		-0.8660254037844386, 
		-0.5, 
		0.5
	], 
[
		-0.8660254037844386, 
		0.5, 
		-0.5
	], 
[
		-0.8660254037844386, 
		0.5, 
		0.5
	], 
[
		0.8660254037844386, 
		-0.5, 
		-0.5
	], 
[
		0.8660254037844386, 
		-0.5, 
		0.5
	], 
[
		0.8660254037844386, 
		0.5, 
		-0.5
	], 
[
		0.8660254037844386, 
		0.5, 
		0.5
	], 
[
		-0.5773502691896258, 
		0, 
		-1.3164965809277258
	], 
[
		0.2886751345948129, 
		0.5, 
		-1.3164965809277258
	]
], 
"faces" : [
[
		5, 
		4, 
		7
	], 
[
		4, 
		5, 
		11, 
		9
	], 
[
		7, 
		4, 
		1, 
		13
	], 
[
		5, 
		7, 
		15, 
		3
	], 
[
		3, 
		11, 
		5
	], 
[
		9, 
		1, 
		4
	], 
[
		13, 
		15, 
		7
	], 
[
		6, 
		16, 
		17
	], 
[
		10, 
		2, 
		17, 
		16
	], 
[
		0, 
		8, 
		16, 
		6
	], 
[
		14, 
		12, 
		6, 
		17
	], 
[
		17, 
		2, 
		14
	], 
[
		16, 
		8, 
		10
	], 
[
		6, 
		12, 
		0
	], 
[
		2, 
		10, 
		11, 
		3
	], 
[
		10, 
		8, 
		9, 
		11
	], 
[
		8, 
		0, 
		1, 
		9
	], 
[
		0, 
		12, 
		13, 
		1
	], 
[
		12, 
		14, 
		15, 
		13
	], 
[
		14, 
		2, 
		3, 
		15
	]
]}