{"vertices" : [
[
		0, 
		-1, 
		-1
	], 
[
		0, 
		-1, 
		0
	], 
[
		0, 
		1, 
		-1
	], 
[
		0, 
		1, 
		0
	], 
[
		-0.2886751345948129, 
		-0.5, 
		0.816496580927726
	], 
[
		-0.2886751345948129, 
		0.5, 
		0.816496580927726
	], 
[
		0.5773502691896258, 
		0, 
		0.816496580927726
	], 
[
		-0.8660254037844386, 
		-0.5, 
		-1
	], 
[
		-0.8660254037844386, 
		-0.5, 
		0
	], 
[
		-0.8660254037844386, 
		0.5, 
		-1
	], 
[
		-0.8660254037844386, 
		0.5, 
		0
	], 
[
		0.8660254037844386, 
		-0.5, 
		-1
	], 
[
		0.8660254037844386, 
		-0.5, 
		0
	], 
[
		0.8660254037844386, 
		0.5, 
		-1
	], 
[
		0.8660254037844386, 
		0.5, 
		0
	]
], 
"faces" : [
[
		4, 
		5, 
		10, 
		8
	], 
[
		6, 
		4, 
		1, 
		12
	], 
[
		5, 
		6, 
		14, 
		3
	], 
[
		3, 
		10, 
		5
	], 
[
		8, 
		1, 
		4
	], 
[
		12, 
		14, 
		6
	], 
[
		5, 
		4, 
		6
	], 
[
		13, 
		11, 
		0, 
		7, 
		9, 
		2
	], 
[
		2, 
		9, 
		10, 
		3
	], 
[
		9, 
		7, 
		8, 
		10
	], 
[
		7, 
		0, 
		1, 
		8
	], 
[
		0, 
		11, 
		12, 
		1
	], 
[
		11, 
		13, 
		14, 
		12
	], 
[
		13, 
		2, 
		3, 
		14
	]
]}