{"vertices" : [
[
		0, 
		-1.618033988749895, 
		-0.5
	], 
[
		0, 
		-1.618033988749895, 
		0.5
	], 
[
		0, 
		1.618033988749895, 
		-0.5
	], 
[
		0, 
		1.618033988749895, 
		0.5
	], 
[
		0.42532540417601994, 
		-1.3090169943749475, 
		1.35065080835204
	], 
[
		0.42532540417601994, 
		1.3090169943749475, 
		1.35065080835204
	], 
[
		0.6881909602355868, 
		-0.5, 
		-1.0257311121191337
	], 
[
		0.6881909602355868, 
		-0.5, 
		1.8763819204711738
	], 
[
		0.6881909602355868, 
		0.5, 
		-1.0257311121191337
	], 
[
		0.6881909602355868, 
		0.5, 
		1.8763819204711738
	], 
[
		-0.8506508083520399, 
		0, 
		-1.0257311121191337
	], 
[
		-0.8506508083520399, 
		0, 
		1.8763819204711738
	], 
[
		-1.1135163644116066, 
		-0.8090169943749475, 
		1.35065080835204
	], 
[
		-1.1135163644116066, 
		0.8090169943749475, 
		1.35065080835204
	], 
[
		-0.2628655560595668, 
		-0.8090169943749475, 
		-1.0257311121191337
	], 
[
		-0.2628655560595668, 
		-0.8090169943749475, 
		1.8763819204711738
	], 
[
		-0.2628655560595668, 
		0.8090169943749475, 
		-1.0257311121191337
	], 
[
		-0.2628655560595668, 
		0.8090169943749475, 
		1.8763819204711738
	], 
[
		-0.9510565162951535, 
		-1.3090169943749475, 
		-0.5
	], 
[
		-0.9510565162951535, 
		-1.3090169943749475, 
		0.5
	], 
[
		-0.9510565162951535, 
		1.3090169943749475, 
		-0.5
	], 
[
		-0.9510565162951535, 
		1.3090169943749475, 
		0.5
	], 
[
		0.9510565162951535, 
		-1.3090169943749475, 
		-0.5
	], 
[
		0.9510565162951535, 
		-1.3090169943749475, 
		0.5
	], 
[
		0.9510565162951535, 
		1.3090169943749475, 
		-0.5
	], 
[
		0.9510565162951535, 
		1.3090169943749475, 
		0.5
	], 
[
		-1.5388417685876268, 
		-0.5, 
		-0.5
	], 
[
		-1.5388417685876268, 
		-0.5, 
		0.5
	], 
[
		-1.5388417685876268, 
		0.5, 
		-0.5
	], 
[
		-1.5388417685876268, 
		0.5, 
		0.5
	], 
[
		1.5388417685876268, 
		-0.5, 
		-0.5
	], 
[
		1.5388417685876268, 
		-0.5, 
		0.5
	], 
[
		1.5388417685876268, 
		0.5, 
		-0.5
	], 
[
		1.5388417685876268, 
		0.5, 
		0.5
	], 
[
		1.3763819204711736, 
		0, 
		1.35065080835204
	]
], 
"faces" : [
[
		17, 
		11, 
		15, 
		7, 
		9
	], 
[
		13, 
		11, 
		17
	], 
[
		12, 
		15, 
		11
	], 
[
		4, 
		7, 
		15
	], 
[
		34, 
		9, 
		7
	], 
[
		5, 
		17, 
		9
	], 
[
		25, 
		3, 
		5
	], 
[
		21, 
		29, 
		13
	], 
[
		27, 
		19, 
		12
	], 
[
		1, 
		23, 
		4
	], 
[
		31, 
		33, 
		34
	], 
[
		3, 
		21, 
		13, 
		17, 
		5
	], 
[
		29, 
		27, 
		12, 
		11, 
		13
	], 
[
		19, 
		1, 
		4, 
		15, 
		12
	], 
[
		23, 
		31, 
		34, 
		7, 
		4
	], 
[
		33, 
		25, 
		5, 
		9, 
		34
	], 
[
		6, 
		14, 
		10, 
		16, 
		8
	], 
[
		2, 
		24, 
		8, 
		16
	], 
[
		28, 
		20, 
		16, 
		10
	], 
[
		18, 
		26, 
		10, 
		14
	], 
[
		22, 
		0, 
		14, 
		6
	], 
[
		32, 
		30, 
		6, 
		8
	], 
[
		8, 
		24, 
		32
	], 
[
		16, 
		20, 
		2
	], 
[
		10, 
		26, 
		28
	], 
[
		14, 
		0, 
		18
	], 
[
		6, 
		30, 
		22
	], 
[
		24, 
		2, 
		3, 
		25
	], 
[
		2, 
		20, 
		21, 
		3
	], 
[
		20, 
		28, 
		29, 
		21
	], 
[
		28, 
		26, 
		27, 
		29
	], 
[
		26, 
		18, 
		19, 
		27
	], 
[
		18, 
		0, 
		1, 
		19
	], 
[
		0, 
		22, 
		23, 
		1
	], 
[
		22, 
		30, 
		31, 
		23
	], 
[
		30, 
		32, 
		33, 
		31
	], 
[
		32, 
		24, 
		25, 
		33
	]
]}