{"vertices" : [
[
		0, 
		0, 
		1.7071067811865475
	], 
[
		0, 
		-0.7071067811865475, 
		0
	], 
[
		0, 
		-0.7071067811865475, 
		1
	], 
[
		0, 
		0.7071067811865475, 
		0
	], 
[
		0, 
		0.7071067811865475, 
		1
	], 
[
		-0.7071067811865475, 
		0, 
		0
	], 
[
		-0.7071067811865475, 
		0, 
		1
	], 
[
		0.7071067811865475, 
		0, 
		0
	], 
[
		0.7071067811865475, 
		0, 
		1
	]
], 
"faces" : [
[
		4, 
		6, 
		0
	], 
[
		6, 
		2, 
		0
	], 
[
		2, 
		8, 
		0
	], 
[
		8, 
		4, 
		0
	], 
[
		3, 
		5, 
		6, 
		4
	], 
[
		5, 
		1, 
		2, 
		6
	], 
[
		1, 
		7, 
		8, 
		2
	], 
[
		7, 
		3, 
		4, 
		8
	], 
[
		7, 
		1, 
		5, 
		3
	]
]}