{"vertices" : [
[
		0, 
		-0.7071067811865475, 
		0.7071067811865475
	], 
[
		0, 
		0.7071067811865475, 
		0.7071067811865475
	], 
[
		-0.7071067811865475, 
		0, 
		0.7071067811865475
	], 
[
		0.7071067811865475, 
		0, 
		0.7071067811865475
	], 
[
		0.5, 
		1.2071067811865475, 
		-1
	], 
[
		0.5, 
		1.2071067811865475, 
		0
	], 
[
		-0.5, 
		1.2071067811865475, 
		-1
	], 
[
		-0.5, 
		1.2071067811865475, 
		0
	], 
[
		-1.2071067811865475, 
		0.5, 
		-1
	], 
[
		-1.2071067811865475, 
		0.5, 
		0
	], 
[
		-1.2071067811865475, 
		-0.5, 
		-1
	], 
[
		-1.2071067811865475, 
		-0.5, 
		0
	], 
[
		-0.5, 
		-1.2071067811865475, 
		-1
	], 
[
		-0.5, 
		-1.2071067811865475, 
		0
	], 
[
		0.5, 
		-1.2071067811865475, 
		-1
	], 
[
		0.5, 
		-1.2071067811865475, 
		0
	], 
[
		1.2071067811865475, 
		-0.5, 
		-1
	], 
[
		1.2071067811865475, 
		-0.5, 
		0
	], 
[
		1.2071067811865475, 
		0.5, 
		-1
	], 
[
		1.2071067811865475, 
		0.5, 
		0
	]
], 
"faces" : [
[
		2, 
		1, 
		7, 
		9
	], 
[
		0, 
		2, 
		11, 
		13
	], 
[
		3, 
		0, 
		15, 
		17
	], 
[
		1, 
		3, 
		19, 
		5
	], 
[
		5, 
		7, 
		1
	], 
[
		9, 
		11, 
		2
	], 
[
		13, 
		15, 
		0
	], 
[
		17, 
		19, 
		3
	], 
[
		1, 
		2, 
		0, 
		3
	], 
[
		18, 
		16, 
		14, 
		12, 
		10, 
		8, 
		6, 
		4
	], 
[
		4, 
		6, 
		7, 
		5
	], 
[
		6, 
		8, 
		9, 
		7
	], 
[
		8, 
		10, 
		11, 
		9
	], 
[
		10, 
		12, 
		13, 
		11
	], 
[
		12, 
		14, 
		15, 
		13
	], 
[
		14, 
		16, 
		17, 
		15
	], 
[
		16, 
		18, 
		19, 
		17
	], 
[
		18, 
		4, 
		5, 
		19
	]
]}