{"vertices" : [
[
		0, 
		0, 
		1.8164965809277258
	], 
[
		-0.2886751345948129, 
		-0.5, 
		0
	], 
[
		-0.2886751345948129, 
		-0.5, 
		1
	], 
[
		-0.2886751345948129, 
		0.5, 
		0
	], 
[
		-0.2886751345948129, 
		0.5, 
		1
	], 
[
		0.5773502691896258, 
		0, 
		0
	], 
[
		0.5773502691896258, 
		0, 
		1
	]
], 
"faces" : [
[
		4, 
		2, 
		0
	], 
[
		2, 
		6, 
		0
	], 
[
		6, 
		4, 
		0
	], 
[
		3, 
		1, 
		2, 
		4
	], 
[
		1, 
		5, 
		6, 
		2
	], 
[
		5, 
		3, 
		4, 
		6
	], 
[
		5, 
		1, 
		3
	]
]}