{"vertices" : [
[
		0, 
		0, 
		-1.3164965809277258
	], 
[
		0, 
		0, 
		1.3164965809277258
	], 
[
		-0.2886751345948129, 
		-0.5, 
		-0.5
	], 
[
		-0.2886751345948129, 
		-0.5, 
		0.5
	], 
[
		-0.2886751345948129, 
		0.5, 
		-0.5
	], 
[
		-0.2886751345948129, 
		0.5, 
		0.5
	], 
[
		0.5773502691896258, 
		0, 
		-0.5
	], 
[
		0.5773502691896258, 
		0, 
		0.5
	]
], 
"faces" : [
[
		5, 
		3, 
		1
	], 
[
		3, 
		7, 
		1
	], 
[
		7, 
		5, 
		1
	], 
[
		0, 
		2, 
		4
	], 
[
		0, 
		6, 
		2
	], 
[
		0, 
		4, 
		6
	], 
[
		4, 
		2, 
		3, 
		5
	], 
[
		2, 
		6, 
		7, 
		3
	], 
[
		6, 
		4, 
		5, 
		7
	]
]}