{"vertices" : [
[
		-0.8660254037844386, 
		-0.8660254037844386, 
		-0.5
	], 
[
		-0.8660254037844386, 
		-0.8660254037844386, 
		0.5
	], 
[
		-0.8660254037844386, 
		0, 
		-1
	], 
[
		-0.8660254037844386, 
		0, 
		1
	], 
[
		-0.8660254037844386, 
		0.8660254037844386, 
		-0.5
	], 
[
		-0.8660254037844386, 
		0.8660254037844386, 
		0.5
	], 
[
		0, 
		-0.8660254037844386, 
		-1
	], 
[
		0, 
		-0.8660254037844386, 
		1
	], 
[
		0, 
		0, 
		-1.5
	], 
[
		0, 
		0, 
		1.5
	], 
[
		0, 
		0.8660254037844386, 
		-1
	], 
[
		0, 
		0.8660254037844386, 
		1
	], 
[
		0.8660254037844386, 
		-0.8660254037844386, 
		-0.5
	], 
[
		0.8660254037844386, 
		-0.8660254037844386, 
		0.5
	], 
[
		0.8660254037844386, 
		0, 
		-1
	], 
[
		0.8660254037844386, 
		0, 
		1
	], 
[
		0.8660254037844386, 
		0.8660254037844386, 
		-0.5
	], 
[
		0.8660254037844386, 
		0.8660254037844386, 
		0.5
	]
], 
"faces" : [
[
		7, 
		9, 
		3, 
		1
	], 
[
		8, 
		10, 
		16, 
		14
	], 
[
		0, 
		1, 
		3, 
		5, 
		4, 
		2
	], 
[
		14, 
		16, 
		17, 
		15, 
		13, 
		12
	], 
[
		3, 
		9, 
		11, 
		5
	], 
[
		8, 
		14, 
		12, 
		6
	], 
[
		2, 
		4, 
		10, 
		8
	], 
[
		13, 
		15, 
		9, 
		7
	], 
[
		5, 
		11, 
		17, 
		16, 
		10, 
		4
	], 
[
		0, 
		6, 
		12, 
		13, 
		7, 
		1
	], 
[
		11, 
		9, 
		15, 
		17
	], 
[
		8, 
		6, 
		0, 
		2
	]
]}