{"vertices" : [
[
		0, 
		0, 
		-1.0257311121191337
	], 
[
		0, 
		0, 
		1.0257311121191337
	], 
[
		0.8506508083520399, 
		0, 
		-0.5
	], 
[
		0.8506508083520399, 
		0, 
		0.5
	], 
[
		0.2628655560595668, 
		-0.8090169943749475, 
		-0.5
	], 
[
		0.2628655560595668, 
		-0.8090169943749475, 
		0.5
	], 
[
		0.2628655560595668, 
		0.8090169943749475, 
		-0.5
	], 
[
		0.2628655560595668, 
		0.8090169943749475, 
		0.5
	], 
[
		-0.6881909602355868, 
		-0.5, 
		-0.5
	], 
[
		-0.6881909602355868, 
		-0.5, 
		0.5
	], 
[
		-0.6881909602355868, 
		0.5, 
		-0.5
	], 
[
		-0.6881909602355868, 
		0.5, 
		0.5
	]
], 
"faces" : [
[
		7, 
		11, 
		1
	], 
[
		11, 
		9, 
		1
	], 
[
		9, 
		5, 
		1
	], 
[
		5, 
		3, 
		1
	], 
[
		3, 
		7, 
		1
	], 
[
		0, 
		10, 
		6
	], 
[
		0, 
		8, 
		10
	], 
[
		0, 
		4, 
		8
	], 
[
		0, 
		2, 
		4
	], 
[
		0, 
		6, 
		2
	], 
[
		6, 
		10, 
		11, 
		7
	], 
[
		10, 
		8, 
		9, 
		11
	], 
[
		8, 
		4, 
		5, 
		9
	], 
[
		4, 
		2, 
		3, 
		5
	], 
[
		2, 
		6, 
		7, 
		3
	]
]}