{"vertices" : [
[
		0, 
		0, 
		-1.2071067811865475
	], 
[
		0, 
		0, 
		1.2071067811865475
	], 
[
		0, 
		-0.7071067811865475, 
		-0.5
	], 
[
		0, 
		-0.7071067811865475, 
		0.5
	], 
[
		0, 
		0.7071067811865475, 
		-0.5
	], 
[
		0, 
		0.7071067811865475, 
		0.5
	], 
[
		-0.7071067811865475, 
		0, 
		-0.5
	], 
[
		-0.7071067811865475, 
		0, 
		0.5
	], 
[
		0.7071067811865475, 
		0, 
		-0.5
	], 
[
		0.7071067811865475, 
		0, 
		0.5
	]
], 
"faces" : [
[
		5, 
		7, 
		1
	], 
[
		7, 
		3, 
		1
	], 
[
		3, 
		9, 
		1
	], 
[
		9, 
		5, 
		1
	], 
[
		0, 
		6, 
		4
	], 
[
		0, 
		2, 
		6
	], 
[
		0, 
		8, 
		2
	], 
[
		0, 
		4, 
		8
	], 
[
		4, 
		6, 
		7, 
		5
	], 
[
		6, 
		2, 
		3, 
		7
	], 
[
		2, 
		8, 
		9, 
		3
	], 
[
		8, 
		4, 
		5, 
		9
	]
]}