{"vertices" : [
[
		-0.5, 
		-0.5, 
		0
	], 
[
		-0.5, 
		0, 
		0.8660254037844386
	], 
[
		-0.5, 
		0.5, 
		0
	], 
[
		0, 
		-0.5, 
		-0.8660254037844386
	], 
[
		0, 
		0.5, 
		-0.8660254037844386
	], 
[
		0.5, 
		-0.5, 
		0
	], 
[
		0.5, 
		0, 
		0.8660254037844386
	], 
[
		0.5, 
		0.5, 
		0
	]
], 
"faces" : [
[
		5, 
		7, 
		6
	], 
[
		1, 
		2, 
		0
	], 
[
		6, 
		1, 
		0, 
		5
	], 
[
		1, 
		6, 
		7, 
		2
	], 
[
		3, 
		5, 
		0
	], 
[
		2, 
		7, 
		4
	], 
[
		0, 
		2, 
		4, 
		3
	], 
[
		7, 
		5, 
		3, 
		4
	]
]}