{"vertices" : [
[
		-0.5, 
		-0.5, 
		-0.42044820762685725
	], 
[
		-0.5, 
		0.5, 
		-0.42044820762685725
	], 
[
		0, 
		0, 
		-1.1275549888134047
	], 
[
		0, 
		0, 
		1.1275549888134047
	], 
[
		0, 
		-0.7071067811865475, 
		0.42044820762685725
	], 
[
		0, 
		0.7071067811865475, 
		0.42044820762685725
	], 
[
		0.5, 
		-0.5, 
		-0.42044820762685725
	], 
[
		0.5, 
		0.5, 
		-0.42044820762685725
	], 
[
		-0.7071067811865475, 
		0, 
		0.42044820762685725
	], 
[
		0.7071067811865475, 
		0, 
		0.42044820762685725
	]
], 
"faces" : [
[
		7, 
		5, 
		9
	], 
[
		1, 
		8, 
		5
	], 
[
		0, 
		4, 
		8
	], 
[
		6, 
		9, 
		4
	], 
[
		7, 
		1, 
		5
	], 
[
		1, 
		0, 
		8
	], 
[
		0, 
		6, 
		4
	], 
[
		6, 
		7, 
		9
	], 
[
		5, 
		8, 
		3
	], 
[
		8, 
		4, 
		3
	], 
[
		4, 
		9, 
		3
	], 
[
		9, 
		5, 
		3
	], 
[
		2, 
		1, 
		7
	], 
[
		2, 
		0, 
		1
	], 
[
		2, 
		6, 
		0
	], 
[
		2, 
		7, 
		6
	]
]}