{"vertices" : [
[
		0, 
		-0.7071067811865475, 
		-1.1372545661180333
	], 
[
		0, 
		0.7071067811865475, 
		-1.1372545661180333
	], 
[
		0, 
		-1.3065629648763766, 
		0.4301477849314858
	], 
[
		0, 
		1.3065629648763766, 
		0.4301477849314858
	], 
[
		-0.7071067811865475, 
		0, 
		-1.1372545661180333
	], 
[
		0.7071067811865475, 
		0, 
		-1.1372545661180333
	], 
[
		-0.6532814824381883, 
		0.2705980500730985, 
		1.1372545661180333
	], 
[
		0.6532814824381883, 
		-0.2705980500730985, 
		1.1372545661180333
	], 
[
		1.2071067811865475, 
		0.5, 
		-0.4301477849314858
	], 
[
		-1.3065629648763766, 
		0, 
		0.4301477849314858
	], 
[
		1.3065629648763766, 
		0, 
		0.4301477849314858
	], 
[
		-0.9238795325112867, 
		-0.9238795325112867, 
		0.4301477849314858
	], 
[
		-0.9238795325112867, 
		0.9238795325112867, 
		0.4301477849314858
	], 
[
		0.9238795325112867, 
		-0.9238795325112867, 
		0.4301477849314858
	], 
[
		0.9238795325112867, 
		0.9238795325112867, 
		0.4301477849314858
	], 
[
		-0.5, 
		-1.2071067811865475, 
		-0.4301477849314858
	], 
[
		0.5, 
		1.2071067811865475, 
		-0.4301477849314858
	], 
[
		0.5, 
		-1.2071067811865475, 
		-0.4301477849314858
	], 
[
		-0.5, 
		1.2071067811865475, 
		-0.4301477849314858
	], 
[
		1.2071067811865475, 
		-0.5, 
		-0.4301477849314858
	], 
[
		-1.2071067811865475, 
		0.5, 
		-0.4301477849314858
	], 
[
		-1.2071067811865475, 
		-0.5, 
		-0.4301477849314858
	], 
[
		-0.2705980500730985, 
		-0.6532814824381883, 
		1.1372545661180333
	], 
[
		0.2705980500730985, 
		0.6532814824381883, 
		1.1372545661180333
	]
], 
"faces" : [
[
		8, 
		14, 
		10
	], 
[
		16, 
		3, 
		14
	], 
[
		18, 
		12, 
		3
	], 
[
		20, 
		9, 
		12
	], 
[
		21, 
		11, 
		9
	], 
[
		15, 
		2, 
		11
	], 
[
		17, 
		13, 
		2
	], 
[
		19, 
		10, 
		13
	], 
[
		8, 
		16, 
		14
	], 
[
		16, 
		18, 
		3
	], 
[
		18, 
		20, 
		12
	], 
[
		20, 
		21, 
		9
	], 
[
		21, 
		15, 
		11
	], 
[
		15, 
		17, 
		2
	], 
[
		17, 
		19, 
		13
	], 
[
		19, 
		8, 
		10
	], 
[
		23, 
		6, 
		22, 
		7
	], 
[
		6, 
		23, 
		3, 
		12
	], 
[
		22, 
		6, 
		9, 
		11
	], 
[
		7, 
		22, 
		2, 
		13
	], 
[
		23, 
		7, 
		10, 
		14
	], 
[
		14, 
		3, 
		23
	], 
[
		12, 
		9, 
		6
	], 
[
		11, 
		2, 
		22
	], 
[
		13, 
		10, 
		7
	], 
[
		4, 
		1, 
		5, 
		0
	], 
[
		19, 
		17, 
		0, 
		5
	], 
[
		16, 
		8, 
		5, 
		1
	], 
[
		20, 
		18, 
		1, 
		4
	], 
[
		15, 
		21, 
		4, 
		0
	], 
[
		0, 
		17, 
		15
	], 
[
		5, 
		8, 
		19
	], 
[
		1, 
		18, 
		16
	], 
[
		4, 
		21, 
		20
	]
]}