{"vertices" : [
[
		0, 
		-0.7071067811865475, 
		0.7071067811865475
	], 
[
		0, 
		0.7071067811865475, 
		0.7071067811865475
	], 
[
		0, 
		-1.3065629648763766, 
		-0.8602955698629718
	], 
[
		0, 
		1.3065629648763766, 
		-0.8602955698629718
	], 
[
		-0.7071067811865475, 
		0, 
		0.7071067811865475
	], 
[
		0.7071067811865475, 
		0, 
		0.7071067811865475
	], 
[
		-1.2071067811865475, 
		-0.5, 
		0
	], 
[
		-1.3065629648763766, 
		0, 
		-0.8602955698629718
	], 
[
		1.3065629648763766, 
		0, 
		-0.8602955698629718
	], 
[
		-0.9238795325112867, 
		-0.9238795325112867, 
		-0.8602955698629718
	], 
[
		-0.9238795325112867, 
		0.9238795325112868, 
		-0.8602955698629718
	], 
[
		0.9238795325112868, 
		-0.9238795325112867, 
		-0.8602955698629718
	], 
[
		0.9238795325112868, 
		0.9238795325112868, 
		-0.8602955698629718
	], 
[
		-0.5, 
		-1.2071067811865475, 
		0
	], 
[
		0.5, 
		1.2071067811865475, 
		0
	], 
[
		0.5, 
		-1.2071067811865475, 
		0
	], 
[
		-0.5, 
		1.2071067811865475, 
		0
	], 
[
		1.2071067811865475, 
		-0.5, 
		0
	], 
[
		-1.2071067811865475, 
		0.5, 
		0
	], 
[
		1.2071067811865475, 
		0.5, 
		0
	]
], 
"faces" : [
[
		10, 
		3, 
		12, 
		8, 
		11, 
		2, 
		9, 
		7
	], 
[
		7, 
		9, 
		6
	], 
[
		9, 
		2, 
		13
	], 
[
		2, 
		11, 
		15
	], 
[
		11, 
		8, 
		17
	], 
[
		8, 
		12, 
		19
	], 
[
		12, 
		3, 
		14
	], 
[
		3, 
		10, 
		16
	], 
[
		10, 
		7, 
		18
	], 
[
		9, 
		13, 
		6
	], 
[
		2, 
		15, 
		13
	], 
[
		11, 
		17, 
		15
	], 
[
		8, 
		19, 
		17
	], 
[
		12, 
		14, 
		19
	], 
[
		3, 
		16, 
		14
	], 
[
		10, 
		18, 
		16
	], 
[
		7, 
		6, 
		18
	], 
[
		1, 
		4, 
		0, 
		5
	], 
[
		4, 
		1, 
		16, 
		18
	], 
[
		0, 
		4, 
		6, 
		13
	], 
[
		5, 
		0, 
		15, 
		17
	], 
[
		1, 
		5, 
		19, 
		14
	], 
[
		14, 
		16, 
		1
	], 
[
		18, 
		6, 
		4
	], 
[
		13, 
		15, 
		0
	], 
[
		17, 
		19, 
		5
	]
]}