{"vertices" : [
[
		0, 
		-1.618033988749895, 
		0
	], 
[
		0, 
		1.618033988749895, 
		0
	], 
[
		-1.618033988749895, 
		0, 
		-0.8623970038594589
	], 
[
		1.618033988749895, 
		0, 
		-0.8623970038594589
	], 
[
		-0.9510565162951535, 
		-1.3090169943749475, 
		0
	], 
[
		-0.9510565162951535, 
		1.3090169943749475, 
		0
	], 
[
		0.9510565162951535, 
		-1.3090169943749475, 
		0
	], 
[
		0.9510565162951535, 
		1.3090169943749475, 
		0
	], 
[
		-0.5, 
		-1.5388417685876268, 
		-0.8623970038594589
	], 
[
		-0.5, 
		1.5388417685876268, 
		-0.8623970038594589
	], 
[
		0.5, 
		-1.5388417685876268, 
		-0.8623970038594589
	], 
[
		0.5, 
		1.5388417685876268, 
		-0.8623970038594589
	], 
[
		-1.3090169943749475, 
		-0.9510565162951535, 
		-0.8623970038594589
	], 
[
		-1.3090169943749475, 
		0.9510565162951535, 
		-0.8623970038594589
	], 
[
		1.3090169943749475, 
		-0.9510565162951535, 
		-0.8623970038594589
	], 
[
		1.3090169943749475, 
		0.9510565162951535, 
		-0.8623970038594589
	], 
[
		-1.5388417685876268, 
		-0.5, 
		0
	], 
[
		-1.5388417685876268, 
		0.5, 
		0
	], 
[
		1.5388417685876268, 
		-0.5, 
		0
	], 
[
		1.5388417685876268, 
		0.5, 
		0
	], 
[
		1.3763819204711736, 
		0, 
		0.8506508083520399
	], 
[
		0.42532540417601994, 
		-1.3090169943749475, 
		0.8506508083520399
	], 
[
		0.42532540417601994, 
		1.3090169943749475, 
		0.8506508083520399
	], 
[
		-1.1135163644116068, 
		-0.8090169943749475, 
		0.8506508083520399
	], 
[
		-1.1135163644116068, 
		0.8090169943749475, 
		0.8506508083520399
	], 
[
		-0.85065080835204, 
		0, 
		1.3763819204711736
	], 
[
		-0.2628655560595668, 
		-0.8090169943749475, 
		1.3763819204711736
	], 
[
		-0.2628655560595668, 
		0.8090169943749475, 
		1.3763819204711736
	], 
[
		0.6881909602355867, 
		-0.5, 
		1.3763819204711736
	], 
[
		0.6881909602355867, 
		0.5, 
		1.3763819204711736
	]
], 
"faces" : [
[
		13, 
		9, 
		11, 
		15, 
		3, 
		14, 
		10, 
		8, 
		12, 
		2
	], 
[
		2, 
		12, 
		16
	], 
[
		12, 
		8, 
		4
	], 
[
		8, 
		10, 
		0
	], 
[
		10, 
		14, 
		6
	], 
[
		14, 
		3, 
		18
	], 
[
		3, 
		15, 
		19
	], 
[
		15, 
		11, 
		7
	], 
[
		11, 
		9, 
		1
	], 
[
		9, 
		13, 
		5
	], 
[
		13, 
		2, 
		17
	], 
[
		12, 
		4, 
		16
	], 
[
		8, 
		0, 
		4
	], 
[
		10, 
		6, 
		0
	], 
[
		14, 
		18, 
		6
	], 
[
		3, 
		19, 
		18
	], 
[
		15, 
		7, 
		19
	], 
[
		11, 
		1, 
		7
	], 
[
		9, 
		5, 
		1
	], 
[
		13, 
		17, 
		5
	], 
[
		2, 
		16, 
		17
	], 
[
		27, 
		25, 
		26, 
		28, 
		29
	], 
[
		24, 
		25, 
		27
	], 
[
		23, 
		26, 
		25
	], 
[
		21, 
		28, 
		26
	], 
[
		20, 
		29, 
		28
	], 
[
		22, 
		27, 
		29
	], 
[
		7, 
		1, 
		22
	], 
[
		5, 
		17, 
		24
	], 
[
		16, 
		4, 
		23
	], 
[
		0, 
		6, 
		21
	], 
[
		18, 
		19, 
		20
	], 
[
		1, 
		5, 
		24, 
		27, 
		22
	], 
[
		17, 
		16, 
		23, 
		25, 
		24
	], 
[
		4, 
		0, 
		21, 
		26, 
		23
	], 
[
		6, 
		18, 
		20, 
		28, 
		21
	], 
[
		19, 
		7, 
		22, 
		29, 
		20
	]
]}