{"vertices" : [
[
		-0.5, 
		0, 
		-0.8090169943749475
	], 
[
		-0.5, 
		0, 
		0.8090169943749475
	], 
[
		0, 
		-0.8090169943749475, 
		-0.5
	], 
[
		0, 
		0.8090169943749475, 
		-0.5
	], 
[
		0.5, 
		0, 
		-0.8090169943749475
	], 
[
		0.5, 
		0, 
		0.8090169943749475
	], 
[
		-0.8090169943749475, 
		-0.5, 
		0
	], 
[
		-0.8090169943749475, 
		0.5, 
		0
	], 
[
		0.8090169943749475, 
		-0.5, 
		0
	], 
[
		0.8090169943749475, 
		0.5, 
		0
	]
], 
"faces" : [
[
		6, 
		7, 
		0
	], 
[
		6, 
		0, 
		2
	], 
[
		6, 
		1, 
		7
	], 
[
		7, 
		3, 
		0
	], 
[
		0, 
		3, 
		4
	], 
[
		0, 
		4, 
		2
	], 
[
		2, 
		4, 
		8
	], 
[
		3, 
		9, 
		4
	], 
[
		4, 
		9, 
		8
	], 
[
		5, 
		8, 
		9
	], 
[
		8, 
		5, 
		1, 
		6, 
		2
	], 
[
		3, 
		7, 
		1, 
		5, 
		9
	]
]}