{"vertices" : [
[
		-0.9472135954999579, 
		0.08541019662496847, 
		0.2628655560595668
	], 
[
		-0.5, 
		-0.8090169943749475, 
		0.2628655560595668
	], 
[
		-0.5, 
		0.8090169943749475, 
		-0.2628655560595668
	], 
[
		-0.05278640450004207, 
		-0.08541019662496847, 
		-0.2628655560595668
	], 
[
		0.05278640450004207, 
		0.08541019662496847, 
		0.2628655560595668
	], 
[
		0.5, 
		-0.8090169943749475, 
		0.2628655560595668
	], 
[
		0.5, 
		0.8090169943749475, 
		-0.2628655560595668
	], 
[
		0.9472135954999579, 
		-0.08541019662496847, 
		-0.2628655560595668
	]
], 
"faces" : [
[
		3, 
		2, 
		6, 
		7
	], 
[
		5, 
		4, 
		0, 
		1
	], 
[
		7, 
		5, 
		1, 
		3
	], 
[
		2, 
		0, 
		4, 
		6
	], 
[
		3, 
		1, 
		0, 
		2
	], 
[
		6, 
		4, 
		5, 
		7
	]
]}