{"vertices" : [
[
		-0.7071067811865475, 
		0, 
		0
	], 
[
		0, 
		0.7071067811865475, 
		0
	], 
[
		0, 
		0, 
		-0.7071067811865475
	], 
[
		0, 
		0, 
		0.7071067811865475
	], 
[
		0, 
		-0.7071067811865475, 
		0
	], 
[
		0.7071067811865475, 
		0, 
		0
	]
], 
"faces" : [
[
		3, 
		4, 
		5
	], 
[
		3, 
		5, 
		1
	], 
[
		3, 
		1, 
		0
	], 
[
		3, 
		0, 
		4
	], 
[
		4, 
		0, 
		2
	], 
[
		4, 
		2, 
		5
	], 
[
		2, 
		0, 
		1
	], 
[
		5, 
		2, 
		1
	]
]}