{"vertices" : [
[
		-0.9589573737630085, 
		0, 
		1.2552914991369466
	], 
[
		1.3763819204711736, 
		0, 
		0.6881909602355868
	], 
[
		0, 
		0, 
		1.5388417685876268
	], 
[
		-1.1135163644116068, 
		-0.8090169943749475, 
		0.6881909602355868
	], 
[
		-1.1135163644116068, 
		0.8090169943749475, 
		0.6881909602355868
	], 
[
		0, 
		0, 
		-1.5388417685876268
	], 
[
		0.42532540417601994, 
		-1.3090169943749475, 
		0.6881909602355868
	], 
[
		0.42532540417601994, 
		1.3090169943749475, 
		0.6881909602355868
	], 
[
		-0.296334125373938, 
		-0.9120226591665965, 
		1.2552914991369466
	], 
[
		-0.296334125373938, 
		0.9120226591665965, 
		1.2552914991369466
	], 
[
		0.7758128122554423, 
		0.5636610018750174, 
		1.2552914991369466
	], 
[
		0.7758128122554423, 
		-0.5636610018750174, 
		1.2552914991369466
	], 
[
		0.9589573737630086, 
		0, 
		-1.2552914991369466
	], 
[
		0.296334125373938, 
		-0.9120226591665965, 
		-1.2552914991369466
	], 
[
		0.296334125373938, 
		0.9120226591665965, 
		-1.2552914991369466
	], 
[
		-0.7758128122554423, 
		0.5636610018750174, 
		-1.2552914991369466
	], 
[
		-0.7758128122554423, 
		-0.5636610018750174, 
		-1.2552914991369466
	], 
[
		1.2552914991369466, 
		-0.9120226591665965, 
		0.296334125373938
	], 
[
		-0.4794786868815043, 
		-1.475683661041614, 
		0.296334125373938
	], 
[
		1.2552914991369466, 
		0.9120226591665965, 
		0.296334125373938
	], 
[
		-0.4794786868815043, 
		1.475683661041614, 
		0.296334125373938
	], 
[
		-1.5516256245108846, 
		0, 
		0.296334125373938
	], 
[
		1.5516256245108846, 
		0, 
		-0.296334125373938
	], 
[
		0.4794786868815043, 
		-1.475683661041614, 
		-0.296334125373938
	], 
[
		0.4794786868815043, 
		1.475683661041614, 
		-0.296334125373938
	], 
[
		-1.2552914991369466, 
		-0.9120226591665965, 
		-0.296334125373938
	], 
[
		-1.2552914991369466, 
		0.9120226591665965, 
		-0.296334125373938
	], 
[
		1.1135163644116066, 
		-0.8090169943749475, 
		-0.6881909602355868
	], 
[
		-1.3763819204711736, 
		0, 
		-0.6881909602355868
	], 
[
		1.1135163644116066, 
		0.8090169943749475, 
		-0.6881909602355868
	], 
[
		-0.42532540417601994, 
		-1.3090169943749475, 
		-0.6881909602355868
	], 
[
		-0.42532540417601994, 
		1.3090169943749475, 
		-0.6881909602355868
	]
], 
"faces" : [
[
		6, 
		8, 
		18
	], 
[
		20, 
		9, 
		7
	], 
[
		30, 
		13, 
		23
	], 
[
		24, 
		14, 
		31
	], 
[
		5, 
		13, 
		16
	], 
[
		23, 
		18, 
		30
	], 
[
		5, 
		15, 
		14
	], 
[
		20, 
		24, 
		31
	], 
[
		8, 
		11, 
		2
	], 
[
		6, 
		18, 
		23
	], 
[
		2, 
		10, 
		9
	], 
[
		7, 
		24, 
		20
	], 
[
		12, 
		13, 
		5
	], 
[
		5, 
		14, 
		12
	], 
[
		6, 
		23, 
		17
	], 
[
		7, 
		19, 
		24
	], 
[
		3, 
		0, 
		21
	], 
[
		21, 
		0, 
		4
	], 
[
		8, 
		0, 
		3
	], 
[
		0, 
		9, 
		4
	], 
[
		25, 
		16, 
		30
	], 
[
		31, 
		15, 
		26
	], 
[
		2, 
		0, 
		8
	], 
[
		2, 
		9, 
		0
	], 
[
		27, 
		13, 
		12
	], 
[
		12, 
		14, 
		29
	], 
[
		17, 
		11, 
		6
	], 
[
		7, 
		10, 
		19
	], 
[
		15, 
		16, 
		28
	], 
[
		10, 
		11, 
		1
	], 
[
		18, 
		25, 
		30
	], 
[
		26, 
		20, 
		31
	], 
[
		28, 
		16, 
		25
	], 
[
		26, 
		15, 
		28
	], 
[
		27, 
		12, 
		22
	], 
[
		22, 
		12, 
		29
	], 
[
		22, 
		17, 
		27
	], 
[
		29, 
		19, 
		22
	], 
[
		1, 
		17, 
		22
	], 
[
		22, 
		19, 
		1
	], 
[
		18, 
		8, 
		3
	], 
[
		4, 
		9, 
		20
	], 
[
		23, 
		13, 
		27
	], 
[
		29, 
		14, 
		24
	], 
[
		25, 
		21, 
		28
	], 
[
		21, 
		26, 
		28
	], 
[
		3, 
		25, 
		18
	], 
[
		4, 
		20, 
		26
	], 
[
		17, 
		23, 
		27
	], 
[
		24, 
		19, 
		29
	], 
[
		1, 
		11, 
		17
	], 
[
		19, 
		10, 
		1
	], 
[
		2, 
		11, 
		10
	], 
[
		3, 
		21, 
		25
	], 
[
		4, 
		26, 
		21
	], 
[
		5, 
		16, 
		15
	], 
[
		16, 
		13, 
		30
	], 
[
		14, 
		15, 
		31
	], 
[
		6, 
		11, 
		8
	], 
[
		9, 
		10, 
		7
	]
]}