{"vertices" : [
[
		0, 
		-1.618033988749895, 
		0
	], 
[
		0, 
		1.618033988749895, 
		0
	], 
[
		0.42532540417601994, 
		-1.3090169943749475, 
		0.8506508083520399
	], 
[
		0.42532540417601994, 
		1.3090169943749475, 
		0.8506508083520399
	], 
[
		0.6881909602355868, 
		-0.5, 
		-0.5257311121191336
	], 
[
		0.6881909602355868, 
		-0.5, 
		1.3763819204711736
	], 
[
		0.6881909602355868, 
		0.5, 
		-0.5257311121191336
	], 
[
		0.6881909602355868, 
		0.5, 
		1.3763819204711736
	], 
[
		-0.8506508083520399, 
		0, 
		-0.5257311121191336
	], 
[
		-0.8506508083520399, 
		0, 
		1.3763819204711736
	], 
[
		-1.1135163644116066, 
		-0.8090169943749475, 
		0.8506508083520399
	], 
[
		-1.1135163644116066, 
		0.8090169943749475, 
		0.8506508083520399
	], 
[
		-0.2628655560595668, 
		-0.8090169943749475, 
		-0.5257311121191336
	], 
[
		-0.2628655560595668, 
		-0.8090169943749475, 
		1.3763819204711736
	], 
[
		-0.2628655560595668, 
		0.8090169943749475, 
		-0.5257311121191336
	], 
[
		-0.2628655560595668, 
		0.8090169943749475, 
		1.3763819204711736
	], 
[
		-0.9510565162951535, 
		-1.3090169943749475, 
		0
	], 
[
		-0.9510565162951535, 
		1.3090169943749475, 
		0
	], 
[
		0.9510565162951535, 
		-1.3090169943749475, 
		0
	], 
[
		0.9510565162951535, 
		1.3090169943749475, 
		0
	], 
[
		-1.5388417685876268, 
		-0.5, 
		0
	], 
[
		-1.5388417685876268, 
		0.5, 
		0
	], 
[
		1.5388417685876268, 
		-0.5, 
		0
	], 
[
		1.5388417685876268, 
		0.5, 
		0
	], 
[
		1.3763819204711736, 
		0, 
		0.8506508083520399
	]
], 
"faces" : [
[
		15, 
		9, 
		13, 
		5, 
		7
	], 
[
		11, 
		9, 
		15
	], 
[
		10, 
		13, 
		9
	], 
[
		2, 
		5, 
		13
	], 
[
		24, 
		7, 
		5
	], 
[
		3, 
		15, 
		7
	], 
[
		19, 
		1, 
		3
	], 
[
		17, 
		21, 
		11
	], 
[
		20, 
		16, 
		10
	], 
[
		0, 
		18, 
		2
	], 
[
		22, 
		23, 
		24
	], 
[
		1, 
		17, 
		11, 
		15, 
		3
	], 
[
		21, 
		20, 
		10, 
		9, 
		11
	], 
[
		16, 
		0, 
		2, 
		13, 
		10
	], 
[
		18, 
		22, 
		24, 
		5, 
		2
	], 
[
		23, 
		19, 
		3, 
		7, 
		24
	], 
[
		4, 
		12, 
		8, 
		14, 
		6
	], 
[
		1, 
		19, 
		6, 
		14
	], 
[
		21, 
		17, 
		14, 
		8
	], 
[
		16, 
		20, 
		8, 
		12
	], 
[
		18, 
		0, 
		12, 
		4
	], 
[
		23, 
		22, 
		4, 
		6
	], 
[
		6, 
		19, 
		23
	], 
[
		14, 
		17, 
		1
	], 
[
		8, 
		20, 
		21
	], 
[
		12, 
		0, 
		16
	], 
[
		4, 
		22, 
		18
	]
]}