{
    "vertices": [
        [
            1.0000000000000002,
            0.0,
            0
        ],
        [
            1.0000000000000002,
            0.0,
            1
        ],
        [
            0.5000000000000002,
            0.8660254037844388,
            0
        ],
        [
            0.5000000000000002,
            0.8660254037844388,
            1
        ],
        [
            -0.4999999999999999,
            0.8660254037844389,
            0
        ],
        [
            -0.4999999999999999,
            0.8660254037844389,
            2
        ],
        [
            -1.0000000000000002,
            1.2246467991473535e-16,
            0
        ],
        [
            -1.0000000000000002,
            1.2246467991473535e-16,
            3
        ],
        [
            -0.5000000000000006,
            -0.8660254037844386,
            0
        ],
        [
            -0.5000000000000006,
            -0.8660254037844386,
            3
        ],
        [
            0.5000000000000002,
            -0.8660254037844388,
            0
        ],
        [
            0.5000000000000002,
            -0.8660254037844388,
            2
        ]
    ],
    "faces": [
        [
            0,
            2,
            3,
            1
        ],
        [
            2,
            4,
            5,
            3
        ],
        [
            4,
            6,
            7,
            5
        ],
        [
            6,
            8,
            9,
            7
        ],
        [
            8,
            10,
            11,
            9
        ],
        [
            10,
            0,
            1,
            11
        ],
        [
            1,
            3,
            5,
            7,
            9,
            11
        ],
        [
            10,
            8,
            6,
            4,
            2,
            0
        ]
    ]
}
