{"vertices" : [
[
		0, 
		-1.3065629648763766, 
		-0.5
	], 
[
		0, 
		-1.3065629648763766, 
		0.5
	], 
[
		0, 
		1.3065629648763766, 
		-0.5
	], 
[
		0, 
		1.3065629648763766, 
		0.5
	], 
[
		-1.3065629648763766, 
		0, 
		-0.5
	], 
[
		-1.3065629648763766, 
		0, 
		0.5
	], 
[
		1.3065629648763766, 
		0, 
		-0.5
	], 
[
		1.3065629648763766, 
		0, 
		0.5
	], 
[
		-0.9238795325112867, 
		-0.9238795325112867, 
		-0.5
	], 
[
		-0.9238795325112867, 
		-0.9238795325112867, 
		0.5
	], 
[
		-0.9238795325112867, 
		0.9238795325112867, 
		-0.5
	], 
[
		-0.9238795325112867, 
		0.9238795325112867, 
		0.5
	], 
[
		0.9238795325112867, 
		-0.9238795325112867, 
		-0.5
	], 
[
		0.9238795325112867, 
		-0.9238795325112867, 
		0.5
	], 
[
		0.9238795325112867, 
		0.9238795325112867, 
		-0.5
	], 
[
		0.9238795325112867, 
		0.9238795325112867, 
		0.5
	]
], 
"faces" : [
[
		12, 
		0, 
		8, 
		4, 
		10, 
		2, 
		14, 
		6
	], 
[
		7, 
		15, 
		3, 
		11, 
		5, 
		9, 
		1, 
		13
	], 
[
		6, 
		14, 
		15, 
		7
	], 
[
		14, 
		2, 
		3, 
		15
	], 
[
		2, 
		10, 
		11, 
		3
	], 
[
		10, 
		4, 
		5, 
		11
	], 
[
		4, 
		8, 
		9, 
		5
	], 
[
		8, 
		0, 
		1, 
		9
	], 
[
		0, 
		12, 
		13, 
		1
	], 
[
		12, 
		6, 
		7, 
		13
	]
]}