{"vertices" : [
[
		-1, 
		0, 
		-0.5
	], 
[
		-1, 
		0, 
		0.5
	], 
[
		-0.5, 
		-0.8660254037844386, 
		-0.5
	], 
[
		-0.5, 
		-0.8660254037844386, 
		0.5
	], 
[
		-0.5, 
		0.8660254037844386, 
		-0.5
	], 
[
		-0.5, 
		0.8660254037844386, 
		0.5
	], 
[
		0.5, 
		-0.8660254037844386, 
		-0.5
	], 
[
		0.5, 
		-0.8660254037844386, 
		0.5
	], 
[
		0.5, 
		0.8660254037844386, 
		-0.5
	], 
[
		0.5, 
		0.8660254037844386, 
		0.5
	], 
[
		1, 
		0, 
		-0.5
	], 
[
		1, 
		0, 
		0.5
	]
], 
"faces" : [
[
		6, 
		2, 
		0, 
		4, 
		8, 
		10
	], 
[
		11, 
		9, 
		5, 
		1, 
		3, 
		7
	], 
[
		10, 
		8, 
		9, 
		11
	], 
[
		8, 
		4, 
		5, 
		9
	], 
[
		4, 
		0, 
		1, 
		5
	], 
[
		0, 
		2, 
		3, 
		1
	], 
[
		2, 
		6, 
		7, 
		3
	], 
[
		6, 
		10, 
		11, 
		7
	]
]}