{"vertices" : [
[
		-1.618033988749895, 
		0, 
		-0.5
	], 
[
		-1.618033988749895, 
		0, 
		0.5
	], 
[
		1.618033988749895, 
		0, 
		-0.5
	], 
[
		1.618033988749895, 
		0, 
		0.5
	], 
[
		-1.3090169943749475, 
		-0.9510565162951536, 
		-0.5
	], 
[
		-1.3090169943749475, 
		-0.9510565162951536, 
		0.5
	], 
[
		-1.3090169943749475, 
		0.9510565162951536, 
		-0.5
	], 
[
		-1.3090169943749475, 
		0.9510565162951536, 
		0.5
	], 
[
		-0.5000000000000001, 
		-1.5388417685876268, 
		-0.5
	], 
[
		-0.5000000000000001, 
		-1.5388417685876268, 
		0.5
	], 
[
		-0.5000000000000001, 
		1.5388417685876268, 
		-0.5
	], 
[
		-0.5000000000000001, 
		1.5388417685876268, 
		0.5
	], 
[
		0.5000000000000001, 
		-1.5388417685876268, 
		-0.5
	], 
[
		0.5000000000000001, 
		-1.5388417685876268, 
		0.5
	], 
[
		0.5000000000000001, 
		1.5388417685876268, 
		-0.5
	], 
[
		0.5000000000000001, 
		1.5388417685876268, 
		0.5
	], 
[
		1.3090169943749475, 
		-0.9510565162951536, 
		-0.5
	], 
[
		1.3090169943749475, 
		-0.9510565162951536, 
		0.5
	], 
[
		1.3090169943749475, 
		0.9510565162951536, 
		-0.5
	], 
[
		1.3090169943749475, 
		0.9510565162951536, 
		0.5
	]
], 
"faces" : [
[
		16, 
		12, 
		8, 
		4, 
		0, 
		6, 
		10, 
		14, 
		18, 
		2
	], 
[
		3, 
		19, 
		15, 
		11, 
		7, 
		1, 
		5, 
		9, 
		13, 
		17
	], 
[
		2, 
		18, 
		19, 
		3
	], 
[
		18, 
		14, 
		15, 
		19
	], 
[
		14, 
		10, 
		11, 
		15
	], 
[
		10, 
		6, 
		7, 
		11
	], 
[
		6, 
		0, 
		1, 
		7
	], 
[
		0, 
		4, 
		5, 
		1
	], 
[
		4, 
		8, 
		9, 
		5
	], 
[
		8, 
		12, 
		13, 
		9
	], 
[
		12, 
		16, 
		17, 
		13
	], 
[
		16, 
		2, 
		3, 
		17
	]
]}