{
    "vertices": [
        [
            1.0000000000000002, 
            0.0, 
            0
        ], 
        [
            1.0000000000000002, 
            0.0, 
            1
        ], 
        [
            0.5000000000000002, 
            0.8660254037844388, 
            0
        ], 
        [
            0.5000000000000002, 
            0.8660254037844388, 
            1
        ], 
        [
            -0.4999999999999999, 
            0.8660254037844389, 
            0
        ], 
        [
            -0.4999999999999999, 
            0.8660254037844389, 
            1
        ], 
        [
            -1.0000000000000002, 
            1.2246467991473535e-16, 
            0
        ], 
        [
            -1.0000000000000002, 
            1.2246467991473535e-16, 
            1
        ], 
        [
            -0.5000000000000006, 
            -0.8660254037844386, 
            0
        ], 
        [
            -0.5000000000000006, 
            -0.8660254037844386, 
            1
        ], 
        [
            0.5000000000000002, 
            -0.8660254037844388, 
            0
        ], 
        [
            0.5000000000000002, 
            -0.8660254037844388, 
            1
        ]
    ], 
    "faces": [
        [
            2, 
            3, 
            1, 
            0
        ], 
        [
            4, 
            5, 
            3, 
            2
        ], 
        [
            6, 
            7, 
            5, 
            4
        ], 
        [
            8, 
            9, 
            7, 
            6
        ], 
        [
            10, 
            11, 
            9, 
            8
        ], 
        [
            0, 
            1, 
            11, 
            10
        ], 
        [
            1, 
            3, 
            5, 
            7, 
            9, 
            11
        ], 
        [
            10, 
            8, 
            6, 
            4, 
            2, 
            0
        ]
    ]
}