{"vertices" : [
[
		0, 
		0, 
		0.5257311121191336
	], 
[
		0.8506508083520399, 
		0, 
		0
	], 
[
		0.2628655560595668, 
		-0.8090169943749475, 
		0
	], 
[
		0.2628655560595668, 
		0.8090169943749475, 
		0
	], 
[
		-0.6881909602355868, 
		-0.5, 
		0
	], 
[
		-0.6881909602355868, 
		0.5, 
		0
	]
], 
"faces" : [
[
		3, 
		5, 
		0
	], 
[
		5, 
		4, 
		0
	], 
[
		4, 
		2, 
		0
	], 
[
		2, 
		1, 
		0
	], 
[
		1, 
		3, 
		0
	], 
[
		1, 
		2, 
		4, 
		5, 
		3
	]
]}