{"vertices" : [
[
		-0.816496580927726, 
		-0.816496580927726, 
		0
	], 
[
		-0.816496580927726, 
		0, 
		-0.5773502691896258
	], 
[
		-0.816496580927726, 
		0, 
		0.5773502691896258
	], 
[
		-0.816496580927726, 
		0.816496580927726, 
		0
	], 
[
		0, 
		-0.816496580927726, 
		-0.5773502691896258
	], 
[
		0, 
		-0.816496580927726, 
		0.5773502691896258
	], 
[
		0, 
		0, 
		-1.1547005383792517
	], 
[
		0, 
		0, 
		1.1547005383792517
	], 
[
		0, 
		0.816496580927726, 
		-0.5773502691896258
	], 
[
		0, 
		0.816496580927726, 
		0.5773502691896258
	], 
[
		0.816496580927726, 
		-0.816496580927726, 
		0
	], 
[
		0.816496580927726, 
		0, 
		-0.5773502691896258
	], 
[
		0.816496580927726, 
		0, 
		0.5773502691896258
	], 
[
		0.816496580927726, 
		0.816496580927726, 
		0
	]
], 
"faces" : [
[
		1, 
		0, 
		2, 
		3
	], 
[
		0, 
		1, 
		6, 
		4
	], 
[
		5, 
		7, 
		2, 
		0
	], 
[
		1, 
		3, 
		8, 
		6
	], 
[
		7, 
		9, 
		3, 
		2
	], 
[
		10, 
		5, 
		0, 
		4
	], 
[
		8, 
		3, 
		9, 
		13
	], 
[
		4, 
		6, 
		11, 
		10
	], 
[
		10, 
		12, 
		7, 
		5
	], 
[
		6, 
		8, 
		13, 
		11
	], 
[
		12, 
		13, 
		9, 
		7
	], 
[
		13, 
		12, 
		10, 
		11
	]
]}