{"vertices" : [
[
		-1.4472135954999579, 
		0, 
		0.22360679774997896
	], 
[
		-1.170820393249937, 
		-0.85065080835204, 
		-0.22360679774997896
	], 
[
		-1.170820393249937, 
		0.85065080835204, 
		-0.22360679774997896
	], 
[
		-0.8944271909999159, 
		0, 
		-0.6708203932499369
	], 
[
		-0.723606797749979, 
		-0.5257311121191336, 
		0.6708203932499369
	], 
[
		-0.723606797749979, 
		0.5257311121191336, 
		0.6708203932499369
	], 
[
		-0.4472135954999579, 
		-1.3763819204711736, 
		0.22360679774997896
	], 
[
		-0.4472135954999579, 
		1.3763819204711736, 
		0.22360679774997896
	], 
[
		-0.276393202250021, 
		-0.85065080835204, 
		-0.6708203932499369
	], 
[
		-0.276393202250021, 
		0.85065080835204, 
		-0.6708203932499369
	], 
[
		0, 
		0, 
		-1.118033988749895
	], 
[
		0, 
		0, 
		1.118033988749895
	], 
[
		0.276393202250021, 
		-0.85065080835204, 
		0.6708203932499369
	], 
[
		0.276393202250021, 
		0.85065080835204, 
		0.6708203932499369
	], 
[
		0.4472135954999579, 
		-1.3763819204711736, 
		-0.22360679774997896
	], 
[
		0.4472135954999579, 
		1.3763819204711736, 
		-0.22360679774997896
	], 
[
		0.723606797749979, 
		-0.5257311121191336, 
		-0.6708203932499369
	], 
[
		0.723606797749979, 
		0.5257311121191336, 
		-0.6708203932499369
	], 
[
		0.8944271909999159, 
		0, 
		0.6708203932499369
	], 
[
		1.170820393249937, 
		-0.85065080835204, 
		0.22360679774997896
	], 
[
		1.170820393249937, 
		0.85065080835204, 
		0.22360679774997896
	], 
[
		1.4472135954999579, 
		0, 
		-0.22360679774997896
	]
], 
"faces" : [
[
		19, 
		12, 
		6, 
		14
	], 
[
		20, 
		15, 
		7, 
		13
	], 
[
		6, 
		4, 
		0, 
		1
	], 
[
		7, 
		2, 
		0, 
		5
	], 
[
		20, 
		18, 
		19, 
		21
	], 
[
		11, 
		5, 
		0, 
		4
	], 
[
		12, 
		11, 
		4, 
		6
	], 
[
		13, 
		7, 
		5, 
		11
	], 
[
		19, 
		18, 
		11, 
		12
	], 
[
		20, 
		13, 
		11, 
		18
	], 
[
		6, 
		1, 
		8, 
		14
	], 
[
		17, 
		15, 
		20, 
		21
	], 
[
		0, 
		2, 
		3, 
		1
	], 
[
		9, 
		2, 
		7, 
		15
	], 
[
		19, 
		14, 
		16, 
		21
	], 
[
		3, 
		2, 
		9, 
		10
	], 
[
		1, 
		3, 
		10, 
		8
	], 
[
		10, 
		9, 
		15, 
		17
	], 
[
		8, 
		10, 
		16, 
		14
	], 
[
		16, 
		10, 
		17, 
		21
	]
]}