{"vertices" : [
[
		0, 
		0, 
		-1.618033988749895
	], 
[
		0, 
		0, 
		1.618033988749895
	], 
[
		0.276393202250021, 
		-0.85065080835204, 
		1.170820393249937
	], 
[
		0.276393202250021, 
		0.85065080835204, 
		1.170820393249937
	], 
[
		0.8944271909999159, 
		0, 
		1.170820393249937
	], 
[
		1.170820393249937, 
		-0.85065080835204, 
		0.723606797749979
	], 
[
		1.170820393249937, 
		-0.85065080835204, 
		-0.276393202250021
	], 
[
		1.170820393249937, 
		0.85065080835204, 
		0.723606797749979
	], 
[
		1.170820393249937, 
		0.85065080835204, 
		-0.276393202250021
	], 
[
		-0.8944271909999159, 
		0, 
		-1.170820393249937
	], 
[
		-0.4472135954999579, 
		-1.3763819204711736, 
		0.723606797749979
	], 
[
		-0.4472135954999579, 
		-1.3763819204711736, 
		-0.276393202250021
	], 
[
		-0.4472135954999579, 
		1.3763819204711736, 
		0.723606797749979
	], 
[
		-0.4472135954999579, 
		1.3763819204711736, 
		-0.276393202250021
	], 
[
		0.4472135954999579, 
		-1.3763819204711736, 
		0.276393202250021
	], 
[
		0.4472135954999579, 
		-1.3763819204711736, 
		-0.723606797749979
	], 
[
		0.4472135954999579, 
		1.3763819204711736, 
		0.276393202250021
	], 
[
		0.4472135954999579, 
		1.3763819204711736, 
		-0.723606797749979
	], 
[
		-1.4472135954999579, 
		0, 
		0.723606797749979
	], 
[
		-1.4472135954999579, 
		0, 
		-0.276393202250021
	], 
[
		-0.723606797749979, 
		-0.5257311121191336, 
		1.170820393249937
	], 
[
		-0.723606797749979, 
		0.5257311121191336, 
		1.170820393249937
	], 
[
		0.723606797749979, 
		-0.5257311121191336, 
		-1.170820393249937
	], 
[
		0.723606797749979, 
		0.5257311121191336, 
		-1.170820393249937
	], 
[
		1.4472135954999579, 
		0, 
		0.276393202250021
	], 
[
		1.4472135954999579, 
		0, 
		-0.723606797749979
	], 
[
		-1.170820393249937, 
		-0.85065080835204, 
		0.276393202250021
	], 
[
		-1.170820393249937, 
		-0.85065080835204, 
		-0.723606797749979
	], 
[
		-1.170820393249937, 
		0.85065080835204, 
		0.276393202250021
	], 
[
		-1.170820393249937, 
		0.85065080835204, 
		-0.723606797749979
	], 
[
		-0.276393202250021, 
		-0.85065080835204, 
		-1.170820393249937
	], 
[
		-0.276393202250021, 
		0.85065080835204, 
		-1.170820393249937
	]
], 
"faces" : [
[
		15, 
		14, 
		10, 
		11
	], 
[
		13, 
		12, 
		16, 
		17
	], 
[
		9, 
		27, 
		19, 
		29
	], 
[
		7, 
		4, 
		5, 
		24
	], 
[
		11, 
		27, 
		30, 
		15
	], 
[
		31, 
		29, 
		13, 
		17
	], 
[
		5, 
		2, 
		10, 
		14
	], 
[
		7, 
		16, 
		12, 
		3
	], 
[
		10, 
		20, 
		18, 
		26
	], 
[
		12, 
		28, 
		18, 
		21
	], 
[
		6, 
		15, 
		22, 
		25
	], 
[
		23, 
		17, 
		8, 
		25
	], 
[
		11, 
		10, 
		26, 
		27
	], 
[
		29, 
		28, 
		12, 
		13
	], 
[
		6, 
		5, 
		14, 
		15
	], 
[
		17, 
		16, 
		7, 
		8
	], 
[
		1, 
		21, 
		18, 
		20
	], 
[
		22, 
		0, 
		23, 
		25
	], 
[
		2, 
		1, 
		20, 
		10
	], 
[
		3, 
		12, 
		21, 
		1
	], 
[
		15, 
		30, 
		0, 
		22
	], 
[
		0, 
		31, 
		17, 
		23
	], 
[
		30, 
		27, 
		9, 
		0
	], 
[
		9, 
		29, 
		31, 
		0
	], 
[
		5, 
		4, 
		1, 
		2
	], 
[
		7, 
		3, 
		1, 
		4
	], 
[
		27, 
		26, 
		18, 
		19
	], 
[
		19, 
		18, 
		28, 
		29
	], 
[
		25, 
		24, 
		5, 
		6
	], 
[
		8, 
		7, 
		24, 
		25
	]
]}