{"vertices" : [
[
		-0.5, 
		-0.5, 
		-1.2071067811865475
	], 
[
		-0.5, 
		-0.5, 
		1.2071067811865475
	], 
[
		-0.5, 
		0.5, 
		-1.2071067811865475
	], 
[
		-0.5, 
		0.5, 
		1.2071067811865475
	], 
[
		-0.5, 
		-1.2071067811865475, 
		-0.5
	], 
[
		-0.5, 
		-1.2071067811865475, 
		0.5
	], 
[
		-0.5, 
		1.2071067811865475, 
		-0.5
	], 
[
		-0.5, 
		1.2071067811865475, 
		0.5
	], 
[
		0.5, 
		-0.5, 
		-1.2071067811865475
	], 
[
		0.5, 
		-0.5, 
		1.2071067811865475
	], 
[
		0.5, 
		0.5, 
		-1.2071067811865475
	], 
[
		0.5, 
		0.5, 
		1.2071067811865475
	], 
[
		0.5, 
		-1.2071067811865475, 
		-0.5
	], 
[
		0.5, 
		-1.2071067811865475, 
		0.5
	], 
[
		0.5, 
		1.2071067811865475, 
		-0.5
	], 
[
		0.5, 
		1.2071067811865475, 
		0.5
	], 
[
		-1.2071067811865475, 
		-0.5, 
		-0.5
	], 
[
		-1.2071067811865475, 
		-0.5, 
		0.5
	], 
[
		-1.2071067811865475, 
		0.5, 
		-0.5
	], 
[
		-1.2071067811865475, 
		0.5, 
		0.5
	], 
[
		1.2071067811865475, 
		-0.5, 
		-0.5
	], 
[
		1.2071067811865475, 
		-0.5, 
		0.5
	], 
[
		1.2071067811865475, 
		0.5, 
		-0.5
	], 
[
		1.2071067811865475, 
		0.5, 
		0.5
	]
], 
"faces" : [
[
		2, 
		10, 
		8, 
		0
	], 
[
		1, 
		9, 
		11, 
		3
	], 
[
		23, 
		21, 
		20, 
		22
	], 
[
		18, 
		16, 
		17, 
		19
	], 
[
		4, 
		12, 
		13, 
		5
	], 
[
		7, 
		15, 
		14, 
		6
	], 
[
		12, 
		20, 
		21, 
		13
	], 
[
		15, 
		23, 
		22, 
		14
	], 
[
		5, 
		17, 
		16, 
		4
	], 
[
		6, 
		18, 
		19, 
		7
	], 
[
		5, 
		13, 
		9, 
		1
	], 
[
		3, 
		11, 
		15, 
		7
	], 
[
		21, 
		23, 
		11, 
		9
	], 
[
		1, 
		3, 
		19, 
		17
	], 
[
		0, 
		8, 
		12, 
		4
	], 
[
		6, 
		14, 
		10, 
		2
	], 
[
		8, 
		10, 
		22, 
		20
	], 
[
		16, 
		18, 
		2, 
		0
	], 
[
		21, 
		9, 
		13
	], 
[
		15, 
		11, 
		23
	], 
[
		5, 
		1, 
		17
	], 
[
		19, 
		3, 
		7
	], 
[
		12, 
		8, 
		20
	], 
[
		22, 
		10, 
		14
	], 
[
		16, 
		0, 
		4
	], 
[
		6, 
		2, 
		18
	]
]}