{"vertices" : [
[
		-0.5, 
		-0.5, 
		-0.5
	], 
[
		-0.5, 
		-0.5, 
		0.5
	], 
[
		-0.5, 
		0.5, 
		-0.5
	], 
[
		-0.5, 
		0.5, 
		0.5
	], 
[
		0, 
		0, 
		-1.2071067811865475
	], 
[
		0, 
		0, 
		1.2071067811865475
	], 
[
		0, 
		-1.2071067811865475, 
		0
	], 
[
		0, 
		1.2071067811865475, 
		0
	], 
[
		0.5, 
		-0.5, 
		-0.5
	], 
[
		0.5, 
		-0.5, 
		0.5
	], 
[
		0.5, 
		0.5, 
		-0.5
	], 
[
		0.5, 
		0.5, 
		0.5
	], 
[
		-1.2071067811865475, 
		0, 
		0
	], 
[
		1.2071067811865475, 
		0, 
		0
	]
], 
"faces" : [
[
		5, 
		7, 
		3
	], 
[
		2, 
		7, 
		4
	], 
[
		6, 
		5, 
		1
	], 
[
		0, 
		4, 
		6
	], 
[
		11, 
		7, 
		5
	], 
[
		4, 
		7, 
		10
	], 
[
		9, 
		5, 
		6
	], 
[
		6, 
		4, 
		8
	], 
[
		13, 
		5, 
		9
	], 
[
		8, 
		4, 
		13
	], 
[
		13, 
		11, 
		5
	], 
[
		4, 
		10, 
		13
	], 
[
		10, 
		7, 
		13
	], 
[
		13, 
		7, 
		11
	], 
[
		6, 
		8, 
		13
	], 
[
		13, 
		9, 
		6
	], 
[
		5, 
		12, 
		1
	], 
[
		0, 
		12, 
		4
	], 
[
		5, 
		3, 
		12
	], 
[
		12, 
		2, 
		4
	], 
[
		2, 
		12, 
		7
	], 
[
		7, 
		12, 
		3
	], 
[
		12, 
		0, 
		6
	], 
[
		6, 
		1, 
		12
	]
]}