{"vertices" : [
[
		-0.5, 
		0, 
		0
	], 
[
		0, 
		-0.5, 
		1.5678618484651274
	], 
[
		0, 
		0.5, 
		1.5678618484651274
	], 
[
		0, 
		-0.644584273224155, 
		0.5783693583793041
	], 
[
		0, 
		0.6445842732241549, 
		0.5783693583793041
	], 
[
		0.5, 
		0, 
		0
	], 
[
		-0.644584273224155, 
		0, 
		0.9894924900858232
	], 
[
		0.6445842732241549, 
		0, 
		0.9894924900858232
	]
], 
"faces" : [
[
		1, 
		2, 
		6
	], 
[
		2, 
		1, 
		7
	], 
[
		3, 
		1, 
		6
	], 
[
		1, 
		3, 
		7
	], 
[
		5, 
		7, 
		3
	], 
[
		3, 
		0, 
		5
	], 
[
		6, 
		0, 
		3
	], 
[
		2, 
		4, 
		6
	], 
[
		7, 
		4, 
		2
	], 
[
		4, 
		7, 
		5
	], 
[
		4, 
		5, 
		0
	], 
[
		4, 
		0, 
		6
	]
]}