{"vertices" : [
[
		-1.1426135089259621, 
		-0.33775397381375244, 
		-0.6212264105565853
	], 
[
		-1.1426135089259621, 
		0.33775397381375233, 
		0.6212264105565853
	], 
[
		-1.1426135089259621, 
		-0.6212264105565853, 
		0.33775397381375233
	], 
[
		-1.1426135089259621, 
		0.6212264105565853, 
		-0.33775397381375244
	], 
[
		1.142613508925962, 
		-0.33775397381375244, 
		0.6212264105565853
	], 
[
		1.142613508925962, 
		0.33775397381375233, 
		-0.6212264105565853
	], 
[
		1.142613508925962, 
		-0.6212264105565853, 
		-0.33775397381375244
	], 
[
		1.142613508925962, 
		0.6212264105565853, 
		0.33775397381375233
	], 
[
		-0.33775397381375244, 
		-1.1426135089259621, 
		0.6212264105565853
	], 
[
		-0.33775397381375244, 
		1.142613508925962, 
		-0.6212264105565853
	], 
[
		-0.33775397381375244, 
		-0.6212264105565853, 
		-1.1426135089259621
	], 
[
		-0.33775397381375244, 
		0.6212264105565853, 
		1.142613508925962
	], 
[
		0.33775397381375233, 
		-1.1426135089259621, 
		-0.6212264105565853
	], 
[
		0.33775397381375233, 
		1.142613508925962, 
		0.6212264105565853
	], 
[
		0.33775397381375233, 
		-0.6212264105565853, 
		1.142613508925962
	], 
[
		0.33775397381375233, 
		0.6212264105565853, 
		-1.1426135089259621
	], 
[
		-0.6212264105565853, 
		-1.1426135089259621, 
		-0.33775397381375244
	], 
[
		-0.6212264105565853, 
		1.142613508925962, 
		0.33775397381375233
	], 
[
		-0.6212264105565853, 
		-0.33775397381375244, 
		1.142613508925962
	], 
[
		-0.6212264105565853, 
		0.33775397381375233, 
		-1.1426135089259621
	], 
[
		0.6212264105565853, 
		-1.1426135089259621, 
		0.33775397381375233
	], 
[
		0.6212264105565853, 
		1.142613508925962, 
		-0.33775397381375244
	], 
[
		0.6212264105565853, 
		-0.33775397381375244, 
		-1.1426135089259621
	], 
[
		0.6212264105565853, 
		0.33775397381375233, 
		1.142613508925962
	]
], 
"faces" : [
[
		2, 
		0, 
		16
	], 
[
		2, 
		16, 
		8
	], 
[
		2, 
		18, 
		1
	], 
[
		2, 
		8, 
		18
	], 
[
		0, 
		3, 
		19
	], 
[
		0, 
		19, 
		10
	], 
[
		0, 
		10, 
		16
	], 
[
		1, 
		18, 
		11
	], 
[
		1, 
		17, 
		3
	], 
[
		1, 
		11, 
		17
	], 
[
		3, 
		17, 
		9
	], 
[
		3, 
		9, 
		19
	], 
[
		16, 
		10, 
		12
	], 
[
		18, 
		8, 
		14
	], 
[
		17, 
		11, 
		13
	], 
[
		19, 
		9, 
		15
	], 
[
		8, 
		20, 
		14
	], 
[
		10, 
		22, 
		12
	], 
[
		11, 
		23, 
		13
	], 
[
		9, 
		21, 
		15
	], 
[
		12, 
		22, 
		6
	], 
[
		12, 
		6, 
		20
	], 
[
		14, 
		20, 
		4
	], 
[
		14, 
		4, 
		23
	], 
[
		15, 
		21, 
		5
	], 
[
		15, 
		5, 
		22
	], 
[
		13, 
		23, 
		7
	], 
[
		13, 
		7, 
		21
	], 
[
		20, 
		6, 
		4
	], 
[
		22, 
		5, 
		6
	], 
[
		23, 
		4, 
		7
	], 
[
		21, 
		7, 
		5
	], 
[
		0, 
		2, 
		1, 
		3
	], 
[
		20, 
		8, 
		16, 
		12
	], 
[
		23, 
		11, 
		18, 
		14
	], 
[
		9, 
		17, 
		13, 
		21
	], 
[
		10, 
		19, 
		15, 
		22
	], 
[
		7, 
		4, 
		6, 
		5
	]
]}