{"vertices" : [
[
		0, 
		-0.5, 
		0
	], 
[
		0, 
		0.5, 
		0
	], 
[
		-0.8527269428464169, 
		0.5, 
		0.5223569286836384
	], 
[
		-0.5, 
		0, 
		1.3132954242635542
	], 
[
		-0.8527269428464169, 
		-0.5, 
		0.5223569286836384
	], 
[
		0.8527269428464169, 
		0.5, 
		0.5223569286836384
	], 
[
		0.5, 
		0, 
		1.3132954242635542
	], 
[
		0.8527269428464169, 
		-0.5, 
		0.5223569286836384
	], 
[
		0, 
		0.7894276266608717, 
		0.9571999001908928
	], 
[
		0, 
		-0.7894276266608717, 
		0.9571999001908928
	]
], 
"faces" : [
[
		2, 
		1, 
		0, 
		4
	], 
[
		1, 
		5, 
		7, 
		0
	], 
[
		2, 
		8, 
		1
	], 
[
		8, 
		5, 
		1
	], 
[
		8, 
		2, 
		3
	], 
[
		5, 
		8, 
		6
	], 
[
		2, 
		4, 
		3
	], 
[
		5, 
		6, 
		7
	], 
[
		3, 
		6, 
		8
	], 
[
		9, 
		6, 
		3
	], 
[
		9, 
		7, 
		6
	], 
[
		4, 
		9, 
		3
	], 
[
		0, 
		7, 
		9
	], 
[
		4, 
		0, 
		9
	]
]}