{"vertices" : [
[
		0, 
		-0.7071067811865475, 
		0.7071067811865475
	], 
[
		0, 
		0.7071067811865475, 
		0.7071067811865475
	], 
[
		-0.7071067811865475, 
		0, 
		0.7071067811865475
	], 
[
		0.7071067811865475, 
		0, 
		0.7071067811865475
	], 
[
		0.5, 
		1.2071067811865475, 
		0
	], 
[
		-0.5, 
		1.2071067811865475, 
		0
	], 
[
		-1.2071067811865475, 
		0.5, 
		0
	], 
[
		-1.2071067811865475, 
		-0.5, 
		0
	], 
[
		-0.5, 
		-1.2071067811865475, 
		0
	], 
[
		0.5, 
		-1.2071067811865475, 
		0
	], 
[
		1.2071067811865475, 
		-0.5, 
		0
	], 
[
		1.2071067811865475, 
		0.5, 
		0
	]
], 
"faces" : [
[
		1, 
		2, 
		0, 
		3
	], 
[
		11, 
		10, 
		9, 
		8, 
		7, 
		6, 
		5, 
		4
	], 
[
		2, 
		1, 
		5, 
		6
	], 
[
		0, 
		2, 
		7, 
		8
	], 
[
		3, 
		0, 
		9, 
		10
	], 
[
		1, 
		3, 
		11, 
		4
	], 
[
		4, 
		5, 
		1
	], 
[
		6, 
		7, 
		2
	], 
[
		8, 
		9, 
		0
	], 
[
		10, 
		11, 
		3
	]
]}