{"vertices" : [
[
		-1.7320508075688772, 
		0, 
		0
	], 
[
		-0.8660254037844386, 
		-0.8660254037844386, 
		-0.8660254037844386
	], 
[
		-0.8660254037844386, 
		0.8660254037844386, 
		-0.8660254037844386
	], 
[
		-0.8660254037844386, 
		0.8660254037844386, 
		0.8660254037844386
	], 
[
		-0.5773502691896258, 
		-1.1547005383792517, 
		1.1547005383792517
	], 
[
		-0.2886751345948129, 
		-1.4433756729740645, 
		-0.2886751345948129
	], 
[
		-0.2886751345948129, 
		0.2886751345948129, 
		1.4433756729740645
	], 
[
		0, 
		0, 
		-1.7320508075688772
	], 
[
		0, 
		1.7320508075688772, 
		0
	], 
[
		0.8660254037844386, 
		-0.8660254037844386, 
		0.8660254037844386
	], 
[
		0.8660254037844386, 
		0.8660254037844386, 
		-0.8660254037844386
	], 
[
		1.1547005383792517, 
		-1.1547005383792517, 
		-0.5773502691896258
	], 
[
		1.1547005383792517, 
		0.5773502691896258, 
		1.1547005383792517
	], 
[
		1.4433756729740645, 
		0.2886751345948129, 
		-0.2886751345948129
	]
], 
"faces" : [
[
		0, 
		3, 
		8, 
		2
	], 
[
		2, 
		8, 
		10, 
		7
	], 
[
		2, 
		7, 
		1, 
		0
	], 
[
		9, 
		12, 
		6, 
		4
	], 
[
		11, 
		13, 
		12, 
		9
	], 
[
		4, 
		5, 
		11, 
		9
	], 
[
		6, 
		12, 
		8, 
		3
	], 
[
		12, 
		13, 
		10, 
		8
	], 
[
		13, 
		11, 
		7, 
		10
	], 
[
		11, 
		5, 
		1, 
		7
	], 
[
		5, 
		4, 
		0, 
		1
	], 
[
		4, 
		6, 
		3, 
		0
	]
]}