{"vertices" : [
[
		-0.9428090415820634, 
		0, 
		-0.6666666666666666
	], 
[
		-0.9428090415820634, 
		0, 
		0.6666666666666666
	], 
[
		-0.7071067811865475, 
		-0.7071067811865475, 
		0
	], 
[
		-0.7071067811865475, 
		0.7071067811865475, 
		0
	], 
[
		0, 
		-0.9428090415820634, 
		-0.6666666666666666
	], 
[
		0, 
		-0.9428090415820634, 
		0.6666666666666666
	], 
[
		0, 
		0, 
		-1
	], 
[
		0, 
		0, 
		1
	], 
[
		0, 
		0.9428090415820634, 
		-0.6666666666666666
	], 
[
		0, 
		0.9428090415820634, 
		0.6666666666666666
	], 
[
		0.7071067811865475, 
		-0.7071067811865475, 
		0
	], 
[
		0.7071067811865475, 
		0.7071067811865475, 
		0
	], 
[
		0.9428090415820634, 
		0, 
		-0.6666666666666666
	], 
[
		0.9428090415820634, 
		0, 
		0.6666666666666666
	]
], 
"faces" : [
[
		2, 
		1, 
		0
	], 
[
		0, 
		1, 
		3
	], 
[
		2, 
		0, 
		4
	], 
[
		5, 
		1, 
		2
	], 
[
		0, 
		3, 
		8
	], 
[
		9, 
		3, 
		1
	], 
[
		4, 
		5, 
		2
	], 
[
		0, 
		6, 
		4
	], 
[
		5, 
		7, 
		1
	], 
[
		0, 
		8, 
		6
	], 
[
		7, 
		9, 
		1
	], 
[
		3, 
		9, 
		8
	], 
[
		10, 
		5, 
		4
	], 
[
		4, 
		6, 
		12
	], 
[
		13, 
		7, 
		5
	], 
[
		6, 
		8, 
		12
	], 
[
		13, 
		9, 
		7
	], 
[
		8, 
		9, 
		11
	], 
[
		10, 
		4, 
		12
	], 
[
		13, 
		5, 
		10
	], 
[
		8, 
		11, 
		12
	], 
[
		13, 
		11, 
		9
	], 
[
		12, 
		13, 
		10
	], 
[
		11, 
		13, 
		12
	]
]}