{"vertices" : [
[
		-1, 
		0, 
		-0.5
	], 
[
		-1, 
		0, 
		0.5
	], 
[
		-0.5, 
		-0.8660254037844386, 
		-0.5
	], 
[
		-0.5, 
		-0.8660254037844386, 
		0.5
	], 
[
		-0.5, 
		0.8660254037844386, 
		-0.5
	], 
[
		-0.5, 
		0.8660254037844386, 
		0.5
	], 
[
		0, 
		-1.5731321849709863, 
		0
	], 
[
		0.5, 
		-0.8660254037844386, 
		-0.5
	], 
[
		0.5, 
		-0.8660254037844386, 
		0.5
	], 
[
		0.5, 
		0.8660254037844386, 
		-0.5
	], 
[
		0.5, 
		0.8660254037844386, 
		0.5
	], 
[
		1, 
		0, 
		-0.5
	], 
[
		1, 
		0, 
		0.5
	], 
[
		-1.3623724356957945, 
		0.786566092485493, 
		0
	], 
[
		1.3623724356957945, 
		0.786566092485493, 
		0
	]
], 
"faces" : [
[
		7, 
		2, 
		0, 
		4, 
		9, 
		11
	], 
[
		12, 
		10, 
		5, 
		1, 
		3, 
		8
	], 
[
		9, 
		4, 
		5, 
		10
	], 
[
		0, 
		2, 
		3, 
		1
	], 
[
		7, 
		11, 
		12, 
		8
	], 
[
		14, 
		11, 
		9
	], 
[
		14, 
		9, 
		10
	], 
[
		14, 
		10, 
		12
	], 
[
		14, 
		12, 
		11
	], 
[
		13, 
		4, 
		0
	], 
[
		13, 
		0, 
		1
	], 
[
		13, 
		1, 
		5
	], 
[
		13, 
		5, 
		4
	], 
[
		6, 
		2, 
		7
	], 
[
		6, 
		7, 
		8
	], 
[
		6, 
		8, 
		3
	], 
[
		6, 
		3, 
		2
	]
]}