{"vertices" : [
[
		0, 
		0, 
		-1.0206207261596576
	], 
[
		0, 
		0, 
		0.6123724356957945
	], 
[
		-0.9622504486493765, 
		0, 
		0.3402069087198859
	], 
[
		-0.2886751345948129, 
		-0.5, 
		-0.20412414523193154
	], 
[
		-0.2886751345948129, 
		0.5, 
		-0.20412414523193154
	], 
[
		0.48112522432468824, 
		-0.8333333333333334, 
		0.3402069087198859
	], 
[
		0.48112522432468824, 
		0.8333333333333334, 
		0.3402069087198859
	], 
[
		0.5773502691896258, 
		0, 
		-0.20412414523193154
	]
], 
"faces" : [
[
		5, 
		3, 
		0
	], 
[
		0, 
		4, 
		6
	], 
[
		5, 
		2, 
		3
	], 
[
		6, 
		4, 
		2
	], 
[
		5, 
		1, 
		2
	], 
[
		6, 
		2, 
		1
	], 
[
		6, 
		1, 
		5
	], 
[
		6, 
		5, 
		7
	], 
[
		3, 
		2, 
		0
	], 
[
		2, 
		4, 
		0
	], 
[
		5, 
		0, 
		7
	], 
[
		0, 
		6, 
		7
	]
]}