{"vertices" : [
[
		0, 
		-1, 
		0
	], 
[
		0, 
		1, 
		0
	], 
[
		-0.2886751345948129, 
		-0.5, 
		0.816496580927726
	], 
[
		-0.2886751345948129, 
		0.5, 
		0.816496580927726
	], 
[
		0.5773502691896258, 
		0, 
		0.816496580927726
	], 
[
		-0.8660254037844386, 
		-0.5, 
		0
	], 
[
		-0.8660254037844386, 
		0.5, 
		0
	], 
[
		0.8660254037844386, 
		-0.5, 
		0
	], 
[
		0.8660254037844386, 
		0.5, 
		0
	]
], 
"faces" : [
[
		3, 
		2, 
		4
	], 
[
		8, 
		7, 
		0, 
		5, 
		6, 
		1
	], 
[
		2, 
		3, 
		6, 
		5
	], 
[
		4, 
		2, 
		0, 
		7
	], 
[
		3, 
		4, 
		8, 
		1
	], 
[
		1, 
		6, 
		3
	], 
[
		5, 
		0, 
		2
	], 
[
		7, 
		8, 
		4
	]
]}