{"vertices" : [
[
		0, 
		0, 
		1.6392474765307403
	], 
[
		0.2628655560595668, 
		-0.8090169943749475, 
		1.1135163644116066
	], 
[
		0.2628655560595668, 
		0.8090169943749475, 
		1.1135163644116066
	], 
[
		0.85065080835204, 
		0, 
		1.1135163644116066
	], 
[
		0, 
		0, 
		-1.6392474765307403
	], 
[
		-0.2628655560595668, 
		-0.8090169943749475, 
		-1.1135163644116068
	], 
[
		-0.2628655560595668, 
		0.8090169943749475, 
		-1.1135163644116068
	], 
[
		0.6881909602355868, 
		-0.5, 
		-1.1135163644116068
	], 
[
		0.6881909602355868, 
		0.5, 
		-1.1135163644116068
	], 
[
		-0.85065080835204, 
		0, 
		-1.1135163644116068
	], 
[
		-0.6881909602355868, 
		-0.5, 
		1.1135163644116066
	], 
[
		-0.6881909602355868, 
		0.5, 
		1.1135163644116066
	], 
[
		-1.3763819204711736, 
		0, 
		-0.2628655560595668
	], 
[
		1.1135163644116066, 
		-0.8090169943749475, 
		-0.2628655560595668
	], 
[
		1.1135163644116066, 
		0.8090169943749475, 
		-0.2628655560595668
	], 
[
		-0.42532540417601994, 
		-1.3090169943749475, 
		-0.2628655560595668
	], 
[
		-0.42532540417601994, 
		1.3090169943749475, 
		-0.2628655560595668
	], 
[
		1.3763819204711736, 
		0, 
		0.2628655560595668
	], 
[
		0.42532540417601994, 
		-1.3090169943749475, 
		0.2628655560595668
	], 
[
		0.42532540417601994, 
		1.3090169943749475, 
		0.2628655560595668
	], 
[
		-1.1135163644116068, 
		-0.8090169943749475, 
		0.2628655560595668
	], 
[
		-1.1135163644116068, 
		0.8090169943749475, 
		0.2628655560595668
	], 
[
		1.1861706172121427, 
		-0.8618033988749895, 
		0.7330937578935453
	], 
[
		1.1861706172121427, 
		0.8618033988749896, 
		0.7330937578935453
	], 
[
		-1.4661875157870907, 
		0, 
		0.7330937578935453
	], 
[
		-0.45307685931859754, 
		-1.3944271909999157, 
		0.7330937578935453
	], 
[
		-0.45307685931859754, 
		1.3944271909999157, 
		0.7330937578935453
	], 
[
		1.4661875157870905, 
		0, 
		-0.7330937578935454
	], 
[
		-1.1861706172121427, 
		-0.8618033988749895, 
		-0.7330937578935454
	], 
[
		-1.1861706172121427, 
		0.8618033988749896, 
		-0.7330937578935454
	], 
[
		0.45307685931859754, 
		-1.3944271909999157, 
		-0.7330937578935454
	], 
[
		0.45307685931859754, 
		1.3944271909999157, 
		-0.7330937578935454
	]
], 
"faces" : [
[
		0, 
		25, 
		1
	], 
[
		4, 
		30, 
		5
	], 
[
		2, 
		26, 
		0
	], 
[
		6, 
		31, 
		4
	], 
[
		18, 
		25, 
		30
	], 
[
		31, 
		26, 
		19
	], 
[
		25, 
		22, 
		1
	], 
[
		2, 
		23, 
		26
	], 
[
		29, 
		28, 
		12
	], 
[
		28, 
		25, 
		20
	], 
[
		21, 
		26, 
		29
	], 
[
		15, 
		25, 
		28
	], 
[
		29, 
		26, 
		16
	], 
[
		30, 
		28, 
		5
	], 
[
		6, 
		29, 
		31
	], 
[
		30, 
		22, 
		18
	], 
[
		19, 
		23, 
		31
	], 
[
		17, 
		23, 
		22
	], 
[
		7, 
		27, 
		30
	], 
[
		8, 
		31, 
		27
	], 
[
		13, 
		22, 
		30
	], 
[
		31, 
		23, 
		14
	], 
[
		22, 
		23, 
		3
	], 
[
		30, 
		27, 
		13
	], 
[
		27, 
		31, 
		14
	], 
[
		20, 
		24, 
		28
	], 
[
		29, 
		24, 
		21
	], 
[
		27, 
		22, 
		13
	], 
[
		14, 
		23, 
		27
	], 
[
		17, 
		22, 
		27
	], 
[
		27, 
		23, 
		17
	], 
[
		28, 
		24, 
		12
	], 
[
		12, 
		24, 
		29
	], 
[
		1, 
		22, 
		0
	], 
[
		7, 
		30, 
		4
	], 
[
		0, 
		23, 
		2
	], 
[
		4, 
		31, 
		8
	], 
[
		18, 
		22, 
		25
	], 
[
		26, 
		23, 
		19
	], 
[
		10, 
		25, 
		0
	], 
[
		5, 
		28, 
		4
	], 
[
		0, 
		26, 
		11
	], 
[
		4, 
		29, 
		6
	], 
[
		0, 
		24, 
		10
	], 
[
		4, 
		28, 
		9
	], 
[
		11, 
		24, 
		0
	], 
[
		9, 
		29, 
		4
	], 
[
		0, 
		22, 
		3
	], 
[
		4, 
		27, 
		7
	], 
[
		3, 
		23, 
		0
	], 
[
		8, 
		27, 
		4
	], 
[
		9, 
		28, 
		29
	], 
[
		20, 
		25, 
		24
	], 
[
		21, 
		24, 
		26
	], 
[
		15, 
		28, 
		30
	], 
[
		31, 
		29, 
		16
	], 
[
		24, 
		25, 
		10
	], 
[
		26, 
		24, 
		11
	], 
[
		30, 
		25, 
		15
	], 
[
		16, 
		26, 
		31
	]
]}