{"vertices" : [
[
		-0.2886751345948129, 
		-0.5, 
		-0.5
	], 
[
		-0.2886751345948129, 
		-0.5, 
		0.5
	], 
[
		-0.2886751345948129, 
		0.5, 
		-0.5
	], 
[
		-0.2886751345948129, 
		0.5, 
		0.5
	], 
[
		0.5773502691896258, 
		0, 
		-0.5
	], 
[
		0.5773502691896258, 
		0, 
		0.5
	], 
[
		-0.9957819157813604, 
		0, 
		0
	], 
[
		0.4978909578906803, 
		-0.8623724356957945, 
		0
	], 
[
		0.4978909578906803, 
		0.8623724356957945, 
		0
	]
], 
"faces" : [
[
		0, 
		2, 
		4
	], 
[
		5, 
		3, 
		1
	], 
[
		8, 
		4, 
		2
	], 
[
		8, 
		2, 
		3
	], 
[
		8, 
		3, 
		5
	], 
[
		8, 
		5, 
		4
	], 
[
		6, 
		2, 
		0
	], 
[
		6, 
		0, 
		1
	], 
[
		6, 
		1, 
		3
	], 
[
		6, 
		3, 
		2
	], 
[
		7, 
		0, 
		4
	], 
[
		7, 
		4, 
		5
	], 
[
		7, 
		5, 
		1
	], 
[
		7, 
		1, 
		0
	]
]}