{"vertices" : [
[
		-0.5773502691896258, 
		0, 
		-0.7557613140761706
	], 
[
		-0.2886751345948129, 
		-0.5, 
		0.7557613140761706
	], 
[
		-0.2886751345948129, 
		0.5, 
		0.7557613140761706
	], 
[
		0.2886751345948129, 
		-0.5, 
		-0.7557613140761706
	], 
[
		0.2886751345948129, 
		0.5, 
		-0.7557613140761706
	], 
[
		0.5773502691896258, 
		0, 
		0.7557613140761706
	], 
[
		0.46708617948135783, 
		-0.8090169943749475, 
		0.17841104488654494
	], 
[
		0.46708617948135783, 
		0.8090169943749475, 
		0.17841104488654494
	], 
[
		-0.9341723589627157, 
		0, 
		0.17841104488654494
	]
], 
"faces" : [
[
		8, 
		1, 
		2
	], 
[
		0, 
		4, 
		3
	], 
[
		2, 
		1, 
		5
	], 
[
		2, 
		5, 
		7
	], 
[
		1, 
		6, 
		5
	], 
[
		1, 
		8, 
		0, 
		3, 
		6
	], 
[
		4, 
		0, 
		8, 
		2, 
		7
	], 
[
		7, 
		5, 
		6, 
		3, 
		4
	]
]}