{"vertices" : [
[
		0, 
		-1, 
		-0.6123724356957945
	], 
[
		0, 
		1, 
		-0.6123724356957945
	], 
[
		-0.5773502691896258, 
		-1, 
		0.20412414523193154
	], 
[
		-0.5773502691896258, 
		1, 
		0.20412414523193154
	], 
[
		-0.2886751345948129, 
		-0.5, 
		1.0206207261596576
	], 
[
		-0.2886751345948129, 
		0.5, 
		1.0206207261596576
	], 
[
		0.5773502691896258, 
		0, 
		1.0206207261596576
	], 
[
		1.1547005383792517, 
		0, 
		0.20412414523193154
	], 
[
		-0.8660254037844386, 
		-0.5, 
		-0.6123724356957945
	], 
[
		-0.8660254037844386, 
		0.5, 
		-0.6123724356957945
	], 
[
		0.8660254037844386, 
		-0.5, 
		-0.6123724356957945
	], 
[
		0.8660254037844386, 
		0.5, 
		-0.6123724356957945
	]
], 
"faces" : [
[
		10, 
		11, 
		7
	], 
[
		2, 
		8, 
		0
	], 
[
		1, 
		9, 
		3
	], 
[
		5, 
		4, 
		6
	], 
[
		10, 
		7, 
		6, 
		4, 
		2, 
		0
	], 
[
		1, 
		3, 
		5, 
		6, 
		7, 
		11
	], 
[
		8, 
		2, 
		4, 
		5, 
		3, 
		9
	], 
[
		1, 
		11, 
		10, 
		0, 
		8, 
		9
	]
]}